ID,Address,Rooms,Type,Price,Date,Bathroom,Car,Landsize,Age,Lattitude,Longtitude
ID195198670,23 Duffy St,4,h,1180000.0,25/02/2017,3.0,2.0,688.0,59.0,-37.7713,144.8937
ID426935414,73 Westbourne Gr,3,h,1550000.0,15/07/2017,2.0,2.0,422.0,69.0,-37.77348,144.99206
ID924392942,19 Charles St,3,h,1360000.0,23/09/2017,2.0,1.0,184.0,109.0,-37.776509999999995,144.99074
ID781852666,283 Tyler St,3,h,928000.0,18/03/2017,2.0,1.0,0.0,69.0,-37.7307,145.0097
ID345928500,8/211 Edwardes St,2,u,336000.0,3/12/2016,1.0,1.0,99.0,49.0,-37.7166,144.9911
ID317414938,2b Rice St,3,t,910000.0,12/11/2016,2.0,2.0,312.0,19.0,-37.9412,145.0491
ID171719689,8/102 Cross St,2,u,480000.0,3/06/2017,1.0,1.0,1157.0,99.0,-37.800290000000004,144.87859
ID769666978,1/22 Rathmines St,2,u,667000.0,17/06/2017,1.0,1.0,86.0,10.0,-37.78203,145.01508
ID826546296,8 Gordon Pde,3,h,990000.0,6/05/2017,1.0,2.0,340.0,79.0,-37.8227,144.8827
ID679739347,118 Rowans Rd,3,h,901000.0,16/07/2016,2.0,3.0,558.0,64.0,-37.9435,145.0522
ID776930874,129 Hambleton St,3,h,1630000.0,29/04/2017,1.0,0.0,143.0,119.0,-37.8484,144.963
ID271480181,4/129 Mountain View Rd,2,t,625000.0,19/08/2017,2.0,1.0,189.0,13.0,-37.70835,145.11795
ID361482205,48 Gordon St,3,h,1510000.0,28/05/2016,1.0,1.0,453.0,49.0,-37.7772,145.0232
ID404594744,302/34 Union St,2,u,1180000.0,27/11/2016,1.0,1.0,0.0,9.0,-37.7738,144.9585
ID143752726,74 Bridport St,3,h,2800000.0,30/07/2016,3.0,1.0,0.0,129.0,-37.8399,144.9577
ID307578621,7 Huxley Ct,4,h,1030000.0,24/06/2017,2.0,2.0,1094.0,49.0,-37.85757,145.2615
ID357469763,21 Eden St,2,h,650000.0,12/08/2017,1.0,0.0,683.0,21.0,-37.75022,145.04778000000005
ID194053751,3/40 Rowland St,2,u,891000.0,28/05/2016,1.0,1.0,121.0,10.0,-37.8126,145.0534
ID720446462,166 Gordon St,2,h,2100000.0,3/09/2016,1.0,1.0,659.0,99.0,-37.8094,145.0807
ID522119116,305/28 Burnley St,1,u,327000.0,7/11/2016,1.0,1.0,0.0,7.0,-37.8127,145.0094
ID862804056,107/480 Albion St,2,u,400500.0,11/02/2017,1.0,1.0,0.0,6.0,-37.7582,144.94
ID837932520,13 Brockley Rd,4,h,1010000.0,28/05/2016,2.0,2.0,607.0,4.0,-37.716,144.9663
ID303975081,1/236 Patterson Rd,3,u,875000.0,3/09/2016,1.0,2.0,348.0,69.0,-37.9273,145.0479
ID539700737,202b Edward St,3,h,1170000.0,15/10/2016,2.0,0.0,185.0,21.0,-37.7755,144.9744
ID202907977,20 Austral Av,4,h,1485000.0,29/07/2017,1.0,2.0,509.0,99.0,-37.74684,144.9933
ID955498557,23 Gardner St,3,t,1012000.0,27/06/2016,2.0,1.0,80.0,59.0,-37.8155,145.0061
ID908040229,19 Athenry Tce,3,h,1280000.0,8/07/2017,2.0,2.0,926.0,11.0,-37.75091,145.16761
ID967501110,309/416 Gore St,2,u,790000.0,22/08/2016,1.0,1.0,0.0,19.0,-37.7967,144.9836
ID260809071,92 Glenroy Rd,4,h,750000.0,3/06/2017,2.0,3.0,659.0,39.0,-37.70619,144.92916
ID999881268,3 Ponsford Pl,4,h,605000.0,23/09/2017,2.0,2.0,738.0,19.0,-37.58457,144.70005
ID556149726,3 Lyall Dr,3,h,490000.0,3/06/2017,2.0,4.0,1022.0,14.0,-37.90811,144.64373
ID226735836,13/68 Kororoit Creek Rd,2,u,367500.0,24/09/2016,1.0,1.0,0.0,49.0,-37.8571,144.8841
ID705006480,27 Westbourne St,3,h,1442000.0,30/07/2016,1.0,2.0,199.0,119.0,-37.8494,145.005
ID119431392,8 Thomas St,2,h,1310000.0,24/09/2016,3.0,2.0,302.0,1.0,-37.9182,145.0231
ID413137922,7/27 High St,3,t,1310000.0,15/10/2016,2.0,2.0,330.0,18.0,-37.8167,145.107
ID398647404,33 Edwardes St,3,h,810000.0,25/02/2017,2.0,3.0,486.0,5.0,-37.7164,145.0048
ID991003299,82/390 Toorak Rd,3,u,1072000.0,13/08/2016,0.0,0.0,0.0,49.0,-37.8407,145.0043
ID921722818,18 Davis St,4,h,1055000.0,3/09/2017,1.0,1.0,560.0,29.0,-37.74192,144.95096999999996
ID369203550,99 Murray Rd,3,h,900000.0,12/11/2016,1.0,1.0,527.0,69.0,-37.7396,145.0174
ID613312198,8/192 Cecil St,1,u,460000.0,8/04/2017,1.0,1.0,0.0,49.0,-37.8344,144.9581
ID722769957,9/126 Atherton Rd,3,u,665000.0,30/07/2016,1.0,1.0,112.0,4.0,-37.9008,145.09799999999996
ID275422291,15 Carnon St,3,h,895000.0,24/06/2017,2.0,2.0,1036.0,65.0,-37.69538,145.11543
ID555813173,4/16 Repton Rd,2,u,480000.0,22/05/2016,1.0,1.0,0.0,49.0,-37.8811,145.0524
ID788873431,40 Waratah St,4,t,950000.0,18/03/2017,2.0,1.0,450.0,79.0,-37.9133,145.0837
ID177813401,22A Mernda Av,3,h,1508000.0,16/09/2017,2.0,2.0,338.0,8.0,-37.89235,145.04953999999995
ID500364555,2/16 Stapley Cr,2,h,510000.0,22/07/2017,1.0,1.0,170.0,18.0,-37.83658,144.86199
ID381721707,66 Durham Rd,4,h,1455000.0,10/12/2016,2.0,1.0,494.0,89.0,-37.8317,145.0901
ID302654916,1 Baird St,3,h,687000.0,20/05/2017,2.0,1.0,577.0,12.0,-37.7071,144.9706
ID497897307,6/219 Nicholson St,2,u,500000.0,18/06/2016,1.0,1.0,0.0,49.0,-37.8015,144.9972
ID636988895,19/877 Punt Rd,1,u,360000.0,12/11/2016,1.0,1.0,0.0,49.0,-37.8339,144.9872
ID818801682,7 Kinnoull Gr,5,h,2650000.0,17/06/2017,3.0,2.0,662.0,59.0,-37.87853,145.15542
ID851699710,36 Primrose St,3,h,1065000.0,10/12/2016,1.0,1.0,395.0,109.0,-37.7593,144.9276
ID894404668,10/81 Koornang Rd,2,u,662000.0,17/09/2016,2.0,1.0,0.0,49.0,-37.8873,145.0572
ID693273713,7 Valdemar Ct,4,h,1447000.0,25/02/2017,1.0,2.0,590.0,20.0,-37.9286,145.0274
ID443170593,3 Diosma Ct,3,h,1155000.0,26/08/2017,2.0,2.0,2405.0,39.0,-38.16457,145.12421
ID542955178,702/127 Beach St,2,u,1252000.0,24/09/2016,1.0,2.0,0.0,13.0,-37.8399,144.9287
ID236447604,52 Spicer Bvd,4,h,750000.0,23/09/2017,2.0,2.0,636.0,23.0,-37.87941,144.76935
ID236188219,3/30 Grosvenor St,4,h,2550000.0,29/04/2017,3.0,2.0,263.0,14.0,-37.9099,144.9899
ID552076471,15 Alberta St,3,h,845000.0,1/07/2017,1.0,2.0,422.0,69.0,-37.796440000000004,144.86388
ID361568261,66 Springvale Rd,5,h,1060000.0,17/06/2017,3.0,2.0,766.0,49.0,-37.81113,145.17681000000005
ID134781759,18 Lorraine St,4,h,2355000.0,25/02/2017,2.0,3.0,715.0,99.0,-37.7582,144.9128
ID794259416,20 Kent St,2,h,920000.0,15/07/2017,2.0,0.0,234.0,109.0,-37.78052,144.93001999999996
ID364323377,2/13 Fenacre St,3,h,622500.0,16/07/2016,2.0,2.0,254.0,15.0,-37.7302,144.9167
ID111396233,3/11 Ormond Rd,2,u,410000.0,26/07/2016,1.0,1.0,0.0,49.0,-37.903,145.0452
ID628809045,1/124 Cuthbert St,3,t,465000.0,1/07/2017,2.0,3.0,248.0,9.0,-37.68358,144.92387
ID476390265,52a Florence St,3,h,1190000.0,16/09/2017,2.0,2.0,297.0,14.0,-37.85537,144.87578
ID491006093,10/38 Kensington Rd,1,u,555000.0,29/07/2017,1.0,1.0,0.0,54.0,-37.83631,145.00181
ID724058600,9/21 Doncaster East Rd,3,t,973000.0,12/08/2017,2.0,2.0,323.0,7.0,-37.8099,145.19506
ID918967352,24 McIntosh St,3,h,571000.0,22/05/2016,1.0,2.0,589.0,59.0,-37.7856,144.8177
ID972062675,5 Charles St,4,h,705000.0,25/02/2017,2.0,1.0,570.0,79.0,-37.7749,144.8329
ID147802158,5 Saunders St,4,h,1150000.0,28/05/2016,1.0,2.0,633.0,29.0,-37.7531,144.9504
ID611755507,37 Thompson St,4,h,1715000.0,3/12/2016,2.0,2.0,705.0,97.0,-37.9035,145.028
ID661890608,1411 Dandenong Rd,4,h,1290000.0,13/05/2017,2.0,2.0,395.0,109.0,-37.8914,145.0842
ID704891146,5/14 Devon Rd,2,t,500000.0,3/09/2017,2.0,1.0,74.0,8.0,-37.72184,144.92969
ID265455575,82 Highett Rd,3,h,1615000.0,6/05/2017,1.0,2.0,681.0,59.0,-37.9462,145.0193
ID839893933,1/204 Brougham St,3,t,800000.0,12/11/2016,2.0,2.0,848.0,49.0,-37.796,145.0324
ID349538438,17 Hampshire Rd,3,h,702000.0,10/09/2016,1.0,1.0,542.0,69.0,-37.7949,144.8303
ID437713580,1 Meagher St,3,h,741000.0,12/11/2016,1.0,1.0,671.0,59.0,-37.7072,145.0855
ID156780269,6 Middlesex St,3,h,808000.0,10/12/2016,1.0,2.0,692.0,59.0,-37.771,144.8428
ID927957687,5 Florence St,4,h,1495000.0,4/06/2016,2.0,2.0,597.0,79.0,-37.9179,145.019
ID147441613,33 McCarron Pde,4,h,1635000.0,15/10/2016,1.0,2.0,638.0,119.0,-37.7523,144.9052
ID449058465,1906/229 Toorak Rd,1,u,402000.0,3/12/2016,1.0,1.0,0.0,6.0,-37.8392,144.9947
ID678844099,22 Yongala St,5,h,2250000.0,3/12/2016,3.0,2.0,600.0,13.0,-37.8061,145.0801
ID397521617,6 Mattea Ct,3,u,672000.0,27/06/2016,1.0,2.0,855.0,7.0,-37.7328,145.0348
ID219087535,6/13 Alexander St,1,u,365000.0,15/07/2017,1.0,0.0,0.0,59.0,-37.795970000000004,144.99108
ID306179466,26 Bardia St,2,h,735000.0,22/07/2017,1.0,4.0,600.0,69.0,-37.74798,145.03765
ID724937133,41 Cameron St,3,h,1320000.0,24/09/2016,2.0,2.0,171.0,129.0,-37.8166,144.9987
ID291674135,76 Newry St,2,h,1116000.0,3/09/2016,1.0,0.0,152.0,109.0,-37.791,144.9809
ID206856144,4/22 Newcastle St,2,u,485000.0,14/05/2016,1.0,1.0,117.0,54.0,-37.7514,145.0118
ID963093955,2/125 Fosters Rd,3,u,455000.0,27/06/2016,1.0,1.0,166.0,20.0,-37.7169,144.8582
ID972149171,7 Alfred Pl,3,h,1200000.0,8/07/2017,2.0,0.0,159.0,49.0,-37.85843,144.89976000000001
ID495165769,7/5 Alfriston St,2,u,680000.0,27/11/2016,1.0,1.0,0.0,59.0,-37.8753,144.9902
ID599320965,115 Derby St,4,h,800000.0,8/04/2017,1.0,1.0,593.0,49.0,-37.7278,144.9463
ID943202197,1/54 Liddiard St,1,u,440000.0,6/05/2017,1.0,1.0,0.0,59.0,-37.8194,145.0397
ID534501260,3 Hampshire Rd,4,h,1120000.0,17/06/2017,2.0,2.0,280.0,11.0,-37.79423,145.13696000000004
ID651337636,2/71 Roslyn St,4,t,1630000.0,25/02/2017,2.0,2.0,432.0,19.0,-37.9228,145.0022
ID252109388,22 Cavanagh St,4,h,1740000.0,29/07/2017,2.0,2.0,721.0,9.0,-37.9641,145.06547
ID728000459,53 Mary St,3,h,1410000.0,26/07/2016,2.0,1.0,442.0,27.0,-37.8046,145.0382
ID399219140,370 McKinnon Rd,2,h,1630000.0,25/02/2017,1.0,2.0,724.0,69.0,-37.9135,145.0557
ID912894273,2 Michael Ct,3,t,840000.0,15/10/2016,2.0,2.0,374.0,29.0,-37.7445,144.8834
ID469613433,2/21 Lillimur Rd,1,u,454000.0,1/07/2017,1.0,1.0,1006.0,9.0,-37.90164,145.04138999999995
ID757523106,9/56 Leicester St,2,t,710000.0,27/06/2016,1.0,1.0,0.0,17.0,-37.7953,144.9775
ID837676687,3 Oshannassy St,3,h,1580000.0,4/06/2016,2.0,2.0,758.0,44.0,-37.7401,144.9013
ID541100817,42 Studley Ct,4,h,1460000.0,18/06/2016,2.0,2.0,840.0,49.0,-37.78,145.1145
ID199562653,2/16 Beaver St,3,t,1370000.0,22/08/2016,2.0,2.0,323.0,49.0,-37.8704,145.0411
ID803185065,35 Athol St,3,h,1425000.0,22/05/2016,1.0,1.0,526.0,119.0,-37.7701,144.9172
ID756469973,19 Belson St,4,h,2800000.0,12/11/2016,2.0,3.0,809.0,94.0,-37.8664,145.0452
ID725612941,62 Butler St,2,h,860000.0,20/05/2017,1.0,0.0,111.0,119.0,-37.8108,144.9955
ID190906802,6 Parkside Av,2,h,1820000.0,3/09/2017,1.0,2.0,701.0,79.0,-37.82756,145.11897
ID395072397,10 The Loop,4,h,880000.0,22/04/2017,3.0,2.0,530.0,59.0,-37.7058,144.9431
ID650639268,6/137 Hickford St,3,t,530000.0,8/10/2016,2.0,1.0,229.0,11.0,-37.7036,145.0145
ID530919419,8/99 Verdon St,1,u,310000.0,7/05/2016,1.0,1.0,0.0,51.0,-37.8588,144.8919
ID458482999,75 Canterbury Rd,3,h,1112000.0,17/06/2017,1.0,3.0,632.0,49.0,-37.831070000000004,145.14343
ID718637370,35 Lindenow St,3,h,876000.0,8/07/2017,1.0,2.0,420.0,2.0,-37.77915,144.88137
ID225251631,16 Bailey Av,4,h,4060000.0,26/08/2017,2.0,1.0,574.0,109.0,-37.86325,145.02421999999999
ID130867206,2/22 Severn St,3,t,1137000.0,19/11/2016,2.0,2.0,349.0,69.0,-37.7955,145.0694
ID176843567,4/43 Clifton Rd,2,u,706000.0,22/08/2016,1.0,1.0,172.0,59.0,-37.8437,145.0536
ID254653124,14 Avon St,3,h,987000.0,10/09/2016,1.0,1.0,603.0,59.0,-37.9404,145.0464
ID297579704,2/32 Wilson Rd,3,u,1000000.0,22/07/2017,2.0,2.0,365.0,23.0,-37.88599,145.17031
ID776088979,8 Agg St,3,h,993000.0,22/05/2016,2.0,2.0,348.0,119.0,-37.8435,144.8788
ID640893424,56 Cecil St,4,h,2350000.0,17/09/2016,2.0,2.0,861.0,36.0,-37.8047,145.0534
ID204423225,10 Yarrabin St,3,h,810000.0,7/11/2016,1.0,2.0,349.0,69.0,-37.7589,144.9368
ID977845072,394 Manningham Rd,3,h,1202000.0,27/11/2016,2.0,2.0,649.0,54.0,-37.7794,145.1224
ID986331180,4/1508 Malvern Rd,2,t,955000.0,29/07/2017,1.0,1.0,197.0,49.0,-37.85448,145.0485
ID588283979,16 Milford St,2,h,760000.0,28/08/2016,1.0,2.0,255.0,89.0,-37.8469,144.8766
ID297949095,29/100 Commercial Rd,3,u,750000.0,4/06/2016,2.0,2.0,0.0,15.0,-37.8453,144.9849
ID903569510,1/10 Scotia St,2,u,675000.0,8/10/2016,1.0,1.0,206.0,104.0,-37.7694,144.9059
ID765549497,85 Waimarie Dr,4,h,1728000.0,17/06/2017,3.0,2.0,720.0,59.0,-37.87833,145.13731
ID292617104,4/5 Gnarwyn Rd,1,u,330000.0,22/04/2017,1.0,1.0,0.0,59.0,-37.8944,145.0616
ID259875284,37 Lewis St,3,h,1770000.0,10/09/2016,2.0,2.0,667.0,69.0,-37.9088,145.0471
ID651755858,139 Victoria St,4,h,1340000.0,24/06/2017,2.0,1.0,302.0,91.0,-37.7845,144.93582
ID794186364,36 Westgate St,3,h,1205000.0,13/05/2017,2.0,1.0,570.0,64.0,-37.9066,145.0869
ID174057767,58 Waverley St,2,h,840000.0,18/03/2017,1.0,1.0,373.0,49.0,-37.7604,144.9062
ID959126401,47 Cooper St,7,h,1350000.0,29/07/2017,3.0,4.0,530.0,99.0,-37.73526,144.99508
ID558010850,4 Pershore Ct,3,h,635000.0,29/07/2017,2.0,1.0,691.0,44.0,-37.68026,144.88468
ID707058048,16 Blenheim Rd,3,h,1176000.0,18/06/2016,1.0,2.0,767.0,59.0,-37.8466,144.8636
ID982554857,132 The Parade,3,h,985000.0,3/09/2017,1.0,1.0,245.0,74.0,-37.77215,144.91144
ID326541072,7 Danthonia St,4,h,850000.0,3/06/2017,2.0,2.0,300.0,39.0,-37.7296,144.97988
ID692823259,111 Derby St,3,h,876000.0,27/05/2017,1.0,2.0,525.0,59.0,-37.72803,144.94624
ID589738327,127 Tucker Rd,4,h,1260000.0,4/03/2017,2.0,2.0,793.0,19.0,-37.9232,145.0502
ID577819778,46 Osborne Rd,5,h,1550000.0,24/06/2017,3.0,4.0,4221.0,39.0,-37.733709999999995,145.24045
ID844843794,19 Denver St,5,h,1275000.0,3/12/2016,2.0,2.0,683.0,59.0,-37.9333,145.0602
ID141146284,1 Sheppard Ct,4,h,810000.0,12/08/2017,2.0,2.0,749.0,30.0,-37.88413,144.79033
ID507318008,22 Bushlark Cr,3,h,555000.0,16/09/2017,2.0,2.0,265.0,5.0,-37.85504,144.73516
ID148737963,2/59 Moonya Rd,3,u,920000.0,17/09/2016,2.0,1.0,283.0,14.0,-37.8974,145.0622
ID771269286,22 Neville St,4,h,1880000.0,26/07/2016,2.0,3.0,932.0,49.0,-37.8975,145.0478
ID680234106,5 Charles St,3,h,1465000.0,4/03/2017,2.0,0.0,134.0,119.0,-37.8093,144.9944
ID767031000,6 Dallas St,3,h,900000.0,12/08/2017,1.0,2.0,585.0,14.0,-37.98137,145.0918
ID461633938,72 Bayswater Rd,3,h,1271000.0,7/05/2016,1.0,1.0,284.0,119.0,-37.7938,144.9228
ID406478036,61 Soudan St,3,h,1157000.0,3/06/2017,1.0,1.0,480.0,89.0,-37.73894,144.95067
ID223224870,10 Dundalk St,3,h,651500.0,8/04/2017,1.0,1.0,555.0,69.0,-37.7988,144.822
ID816777200,22 Avenue Rd,2,h,1175000.0,27/11/2016,1.0,1.0,246.0,59.0,-37.8336,145.0612
ID968391602,50 Newcastle St,2,h,1050000.0,17/06/2017,1.0,1.0,688.0,129.0,-37.74847000000001,145.01193
ID987840029,8a Glengala Rd,3,h,622500.0,24/09/2016,1.0,1.0,534.0,49.0,-37.7887,144.8231
ID771067787,126 Smith St,3,h,1380000.0,28/08/2016,2.0,1.0,359.0,99.0,-37.7565,144.9906
ID600352216,14 Baker St,4,h,760000.0,8/04/2017,1.0,5.0,650.0,69.0,-37.7867,144.8437
ID752943630,1/316 Tucker Rd,2,h,758000.0,4/03/2017,1.0,1.0,250.0,59.0,-37.9063,145.0535
ID225949006,1/569 Camberwell Rd,2,h,950000.0,4/06/2016,1.0,2.0,230.0,25.0,-37.8448,145.0723
ID882835428,4/31 Cooper St,2,u,707000.0,22/04/2017,1.0,1.0,179.0,5.0,-37.7514,144.8966
ID237895635,12 Brookland Ct,4,h,1080000.0,23/09/2017,2.0,2.0,914.0,39.0,-37.93173,145.19475
ID121565906,42 Glenair St,3,h,982000.0,18/06/2016,2.0,2.0,652.0,59.0,-37.7629,145.1157
ID547119478,4 Selby Ct,3,h,857000.0,3/09/2017,2.0,1.0,1007.0,39.0,-37.766529999999996,145.29163
ID195619794,13/27 Patterson Rd,2,u,650000.0,10/12/2016,1.0,1.0,116.0,59.0,-37.9245,145.0336
ID639939112,15 Miles St,3,h,1100000.0,4/06/2016,2.0,2.0,0.0,94.0,-37.922,145.0302
ID799562719,5 Donne St,3,h,1090000.0,12/11/2016,1.0,1.0,464.0,59.0,-37.753,144.9485
ID196759044,1/57 Brooks St,3,h,780000.0,17/09/2016,2.0,2.0,421.0,69.0,-37.9168,145.0809
ID695603164,5/18 Marine Pde,2,u,602000.0,3/12/2016,1.0,0.0,0.0,89.0,-37.8707,144.9765
ID702658265,115 Bignell Rd,2,h,1160000.0,30/07/2016,1.0,2.0,750.0,14.0,-37.9325,145.0694
ID218280940,46 Karma Av,3,h,2030000.0,19/08/2017,2.0,2.0,660.0,79.0,-37.87939,145.0656
ID772261910,421 Rae St,2,h,1283000.0,28/08/2016,1.0,2.0,204.0,39.0,-37.7824,144.9801
ID808297969,6 Alandale St,3,h,1150000.0,17/09/2016,2.0,1.0,247.0,14.0,-37.836,145.1046
ID797223168,44 Daley St,3,h,572000.0,10/12/2016,1.0,2.0,627.0,59.0,-37.6974,144.9326
ID548496471,129 View St,3,h,643000.0,20/05/2017,1.0,2.0,674.0,69.0,-37.6957,144.9231
ID823866120,4/15 Stapley Cr,3,u,451500.0,15/07/2017,1.0,1.0,180.0,54.0,-37.83648,144.86296000000004
ID572706822,39 Kiewa St,3,h,1542000.0,8/04/2017,2.0,2.0,980.0,39.0,-37.7883,145.1387
ID436837013,2/42 Gowrie St,3,h,930000.0,27/11/2016,2.0,2.0,258.0,12.0,-37.9162,145.0799
ID755980195,23 Surrey St,2,h,545000.0,14/05/2016,1.0,3.0,591.0,59.0,-37.7128,144.9471
ID663600484,1d Bute St,3,u,975000.0,7/05/2016,2.0,1.0,277.0,44.0,-37.8936,145.0709
ID597980652,101 The Fairway,4,h,800001.0,3/06/2017,1.0,2.0,467.0,49.0,-37.7126,145.02996000000005
ID995225989,7 Londrew Ct,3,h,540000.0,26/08/2017,1.0,1.0,607.0,49.0,-37.69423,144.88002
ID190901410,6/267 Rossmoyne St,2,u,571750.0,18/06/2016,1.0,1.0,0.0,7.0,-37.7588,145.0179
ID916600157,15 Metcalf Wy,4,h,698000.0,15/07/2017,2.0,2.0,448.0,7.0,-37.8914,144.72014
ID613426655,30 Chapman St,3,h,890000.0,25/02/2017,1.0,1.0,668.0,89.0,-37.7943,144.8319
ID175129506,4/13 Glen Valley Rd,1,h,360000.0,12/08/2017,1.0,1.0,76.0,49.0,-37.832209999999996,145.17117
ID867559721,55 Albion Rd,4,h,1600000.0,16/04/2016,2.0,1.0,692.0,129.0,-37.8247,145.1281
ID522769026,4 Pacific Pl,3,h,760000.0,22/07/2017,3.0,2.0,654.0,8.0,-37.69394000000001,144.7795
ID842019357,1/2 Dubbo St,3,u,675000.0,9/09/2017,1.0,1.0,284.0,2.0,-37.77933,144.81679
ID442550609,5 Kallara Gr,3,t,730000.0,7/11/2016,1.0,2.0,250.0,19.0,-37.7861,144.8897
ID441940831,311/163 Cremorne St,2,u,570000.0,27/05/2017,2.0,1.0,0.0,12.0,-37.83011,144.99043999999995
ID130415347,22 Park Sq,3,h,1630000.0,4/03/2017,2.0,2.0,135.0,22.0,-37.8395,144.9343
ID870756479,71 Hamilton Rd,5,h,1355000.0,23/09/2017,3.0,5.0,44500.0,74.0,-37.453920000000004,144.58864
ID554529351,89 Armstrong St,3,h,3750000.0,27/05/2017,2.0,1.0,411.0,44.0,-37.85327,144.96223
ID296216123,3/87 Thomas St,2,u,890000.0,12/08/2017,1.0,2.0,275.0,49.0,-37.91106,145.02393999999995
ID629166343,2/22 Looker Rd,3,t,820000.0,15/07/2017,2.0,2.0,260.0,9.0,-37.72394,145.12456
ID517082421,1 Oxford Dr,4,h,730000.0,16/09/2017,2.0,2.0,538.0,49.0,-37.7002,145.06517
ID159311499,16 Clematis St,4,h,1790000.0,9/09/2017,2.0,2.0,742.0,49.0,-37.87738,145.18083000000001
ID733799841,58 Horace St,3,h,2325000.0,25/02/2017,2.0,2.0,347.0,129.0,-37.8602,145.0399
ID161359680,96 Avebury Dr,4,h,627500.0,1/07/2017,2.0,2.0,687.0,69.0,-38.02434,145.33117
ID696085630,13 Crawley St,4,h,1015000.0,8/10/2016,1.0,1.0,518.0,99.0,-37.726,145.0044
ID559485907,44 Silver St,3,h,925000.0,12/08/2017,1.0,2.0,1027.0,39.0,-37.71328,145.14098
ID602841380,15 Argyle St,3,h,1394000.0,17/06/2017,2.0,1.0,60.0,69.0,-37.79714,144.97596000000001
ID883958643,3/15 Harold St,3,u,590000.0,29/04/2017,2.0,2.0,0.0,10.0,-37.7074,144.9266
ID122671396,56 Brandon St,3,h,1820000.0,12/11/2016,1.0,3.0,650.0,89.0,-37.8571,145.0766
ID978697836,8 Princes St,3,h,1150000.0,8/04/2017,1.0,0.0,308.0,119.0,-37.8526,144.895
ID789570867,17 Beard St,6,h,855000.0,27/05/2017,3.0,3.0,804.0,39.0,-37.70872,145.16102
ID380983723,4 Matthews Ct,3,h,2820000.0,10/12/2016,2.0,2.0,600.0,52.0,-37.8332,145.0117
ID443496412,50 Collinson St,4,h,820500.0,18/03/2017,2.0,7.0,754.0,28.0,-37.7221,144.8578
ID926163431,17 Gowrie St,4,h,1115000.0,19/08/2017,1.0,2.0,579.0,99.0,-37.915240000000004,145.07686
ID137144442,13 Brisbane St,3,t,1130000.0,23/09/2017,2.0,1.0,231.0,119.0,-37.77373,144.9311
ID552319416,28 Nelson Pl,3,h,2050000.0,6/05/2017,2.0,1.0,230.0,119.0,-37.8373,144.9527
ID645000162,152 Balwyn Rd,3,h,2380000.0,17/06/2017,2.0,2.0,752.0,81.0,-37.80648,145.08274
ID677944088,46 Cobden St,3,h,1390000.0,22/05/2016,2.0,1.0,138.0,21.0,-37.8351,144.9675
ID422022073,60 Northumberland Cct,3,h,500000.0,22/07/2017,2.0,2.0,448.0,11.0,-37.58242,144.93001
ID138664400,58 Scotchmer St,2,h,1345000.0,8/04/2017,1.0,0.0,176.0,139.0,-37.7831,144.9805
ID683916966,92A Brees Rd,3,t,660000.0,27/11/2016,2.0,1.0,265.0,39.0,-37.7444,144.8763
ID550359346,1/37 Yongala St,3,h,1255000.0,4/06/2016,2.0,2.0,308.0,18.0,-37.8056,145.0788
ID871673867,23 Beauford St,3,h,1093800.0,17/06/2017,1.0,2.0,501.0,49.0,-37.90805,145.10683999999995
ID622281366,157 Canning St,3,t,851000.0,3/12/2016,3.0,1.0,557.0,2.0,-37.77,144.8572
ID141722896,1 Gordon Ct,3,h,737000.0,8/10/2016,1.0,4.0,640.0,69.0,-37.6986,144.9243
ID753400784,59 Tambet St,4,t,1160000.0,6/08/2016,2.0,2.0,321.0,13.0,-37.914,145.0714
ID635624156,49 Bent St,3,h,1500000.0,28/05/2016,1.0,1.0,929.0,69.0,-37.8651,144.832
ID956371362,85 Martins La,4,h,920250.0,4/03/2017,2.0,2.0,558.0,49.0,-37.7328,145.0916
ID738596468,8/3 Kooyongkoot Rd,2,u,450000.0,1/07/2017,1.0,1.0,2338.0,79.0,-37.83032,145.03898999999996
ID604932057,3 Hazel Gr,3,h,1465000.0,4/03/2017,1.0,2.0,956.0,11.0,-37.7308,144.9397
ID349919489,48 Murray St,3,h,1130000.0,25/02/2017,1.0,3.0,206.0,74.0,-37.7382,144.9563
ID956037693,48 Bedford St,3,h,872500.0,8/04/2017,1.0,1.0,594.0,69.0,-37.7203,144.8757
ID209904792,6 Alma La,3,h,600000.0,3/06/2017,1.0,3.0,406.0,14.0,-37.72484,144.74296
ID636255143,43 Stawell St,3,h,830000.0,17/06/2017,2.0,2.0,1025.0,49.0,-37.90188,144.65138000000005
ID215663449,36 Howitt Dr,3,h,1065000.0,10/12/2016,1.0,2.0,664.0,49.0,-37.7637,145.1117
ID767580029,172 Maribyrnong Rd,3,h,930000.0,16/07/2016,1.0,1.0,305.0,119.0,-37.7711,144.9122
ID791977278,34 Russell Cr,4,h,820000.0,8/07/2017,2.0,4.0,719.0,44.0,-37.86434000000001,145.25739
ID601650477,3 Lynch St,3,h,715000.0,14/05/2016,1.0,2.0,558.0,94.0,-37.7807,144.8341
ID530312634,45 Browns Rd,3,h,1560000.0,16/04/2016,1.0,2.0,841.0,69.0,-37.9217,145.056
ID241897265,1/3 Steele St,2,u,536000.0,24/09/2016,1.0,1.0,0.0,59.0,-37.8713,145.0515
ID715205639,12/2 Gordon Gr,2,u,635000.0,25/02/2017,1.0,1.0,855.0,14.0,-37.8336,144.9882
ID886637877,26 Nolan St,3,h,1076000.0,16/04/2016,1.0,1.0,654.0,29.0,-37.7412,144.8888
ID121959622,11 Joyce St,3,h,1800000.0,16/09/2017,2.0,2.0,380.0,99.0,-37.88922,144.9896
ID697217016,5/39 Horne St,4,h,1007000.0,22/05/2016,2.0,2.0,125.0,19.0,-37.8855,145.001
ID129722319,55 Whyte St,3,t,1962000.0,14/05/2016,2.0,2.0,323.0,24.0,-37.9208,144.9996
ID857077327,2/58 North Rd,3,u,1410000.0,17/06/2017,2.0,2.0,257.0,34.0,-37.89886,144.99462
ID251829792,2/53 Salisbury Rd,3,t,830000.0,28/08/2016,1.0,2.0,212.0,7.0,-37.8723,145.1089
ID169838310,15 Caroline St,3,h,1460000.0,27/05/2017,1.0,0.0,192.0,119.0,-37.78992,144.99845
ID585204503,7 Bank St,3,h,1600000.0,3/12/2016,2.0,1.0,115.0,18.0,-37.8163,144.9984
ID982929681,408/1 Brunswick Rd,1,u,390500.0,22/07/2017,1.0,1.0,0.0,8.0,-37.77883,144.9776
ID216995680,50 Well St,3,h,1975000.0,3/12/2016,1.0,2.0,432.0,89.0,-37.9172,144.996
ID561975592,8 Katandra Cr,3,h,460000.0,8/07/2017,1.0,1.0,629.0,49.0,-37.67197,144.91896
ID943047302,139 Cecil St,4,h,2255000.0,27/11/2016,1.0,3.0,765.0,139.0,-37.8621,144.8999
ID376664579,4 Barry St,2,h,905000.0,17/06/2017,1.0,0.0,114.0,69.0,-37.78024,144.99289
ID391105621,10/18 Ireland St,1,u,460000.0,4/06/2016,1.0,1.0,0.0,19.0,-37.8076,144.9456
ID793995202,13 Goodman St,2,h,884000.0,22/04/2017,1.0,0.0,148.0,129.0,-37.7731,144.9568
ID907303264,46 MacKay St,4,h,1455000.0,29/04/2017,1.0,1.0,328.0,99.0,-37.8097,144.8906
ID592475242,9/160 Napier St,1,u,280000.0,16/04/2016,1.0,1.0,0.0,59.0,-37.7475,144.9194
ID702986169,126 Market St,3,h,1500000.0,3/09/2017,1.0,2.0,649.0,29.0,-37.74212,144.89256
ID506334180,15 Down St,3,h,780000.0,17/09/2016,1.0,2.0,464.0,99.0,-37.7245,145.004
ID875202055,153 Dow St,2,h,1130000.0,22/05/2016,1.0,0.0,112.0,12.0,-37.8404,144.9422
ID459513676,2/62 Selwyn St,3,u,600000.0,20/05/2017,1.0,1.0,181.0,19.0,-37.7815,144.8128
ID174016557,39 Keon St,3,h,1020000.0,18/03/2017,1.0,1.0,366.0,49.0,-37.7524,144.9912
ID541100817,42 Studley Ct,4,h,1460000.0,18/06/2016,2.0,2.0,840.0,49.0,-37.78,145.1145
ID941862666,53 Park Rd,3,h,2567500.0,19/08/2017,2.0,2.0,1004.0,54.0,-37.83603,145.10596
ID352043090,9/3 Rae Ct,2,u,660000.0,27/05/2017,1.0,1.0,0.0,119.0,-37.85672,145.00273
ID978394532,184 Finch St,3,h,3310000.0,20/05/2017,3.0,2.0,662.0,31.0,-37.8605,145.0455
ID189345193,7 Rosina St,4,h,1920000.0,20/05/2017,2.0,2.0,650.0,23.0,-37.9323,145.0445
ID559907380,21 Catherine Rd,3,h,515000.0,3/06/2017,1.0,2.0,531.0,34.0,-37.87793,144.75626
ID852392945,6/26 Parkside St,2,u,975000.0,3/06/2017,1.0,1.0,1764.0,49.0,-37.8879,145.01198
ID789325265,3 Becker Cl,3,h,410000.0,27/05/2017,2.0,2.0,740.0,34.0,-37.68052,144.55106
ID644310445,56 Gardiner Pde,5,h,2175000.0,4/06/2016,3.0,4.0,619.0,16.0,-37.8554,145.0611
ID299551884,504/7 King St,2,u,520000.0,29/07/2017,2.0,1.0,1111.0,7.0,-37.84968,144.99389
ID234758887,7 Caddy Ct,3,h,585000.0,13/08/2016,1.0,3.0,620.0,7.0,-37.7293,145.032
ID507875739,11 Huntingfield Dr,4,h,1662000.0,3/06/2017,2.0,2.0,785.0,39.0,-37.7738,145.16711999999995
ID646074465,3/136 New St,3,u,1392000.0,13/05/2017,2.0,1.0,188.0,49.0,-37.9181,144.9933
ID916046511,15 Bliburg St,3,h,460000.0,24/09/2016,1.0,1.0,601.0,59.0,-37.6889,144.9109
ID227002457,1/15 Ross St,3,u,760000.0,18/06/2016,2.0,1.0,198.0,11.0,-37.7357,144.8908
ID806732041,1 Culloden St,3,h,995000.0,23/04/2016,1.0,2.0,505.0,89.0,-37.757,144.9446
ID822843762,32 Sweetland Rd,3,h,910000.0,13/05/2017,1.0,2.0,414.0,5.0,-37.8247,145.1359
ID570979486,50 Finch St,3,h,1170000.0,12/08/2017,1.0,3.0,590.0,19.0,-37.85553,145.12305
ID428637371,68 Henkel St,2,h,890000.0,18/06/2016,1.0,1.0,259.0,46.0,-37.7653,144.9565
ID468048128,15 Bletchley Pl,4,h,590000.0,22/07/2017,2.0,2.0,617.0,59.0,-37.7364,144.82556
ID780755055,24 Robert St,4,h,1300000.0,10/12/2016,3.0,1.0,604.0,59.0,-37.7621,145.086
ID801990458,1/38 Victoria St,2,h,500000.0,28/08/2016,1.0,1.0,113.0,49.0,-37.7424,144.961
ID247012009,6 Bourke St,3,h,750000.0,1/07/2017,1.0,1.0,236.0,19.0,-37.75403,144.8867
ID339544839,96 Bryant St,2,h,865500.0,3/09/2016,1.0,1.0,168.0,114.0,-37.7835,144.9339
ID325447914,2 Islington St,4,h,970000.0,22/04/2017,1.0,4.0,615.0,69.0,-37.785,144.8383
ID820278848,2/47 Parker St,2,t,678000.0,15/10/2016,1.0,1.0,340.0,39.0,-37.7564,145.1195
ID956371362,85 Martins La,4,h,920250.0,4/03/2017,2.0,2.0,558.0,49.0,-37.7328,145.0916
ID398364054,204/2 Alexander St,2,u,533000.0,22/08/2016,1.0,1.0,0.0,7.0,-37.8042,144.892
ID741155408,7 Allawah Cl,3,h,770000.0,23/09/2017,1.0,4.0,533.0,57.0,-37.98433,145.17041
ID351656003,310 Hampton St,4,h,2600000.0,12/06/2016,1.0,2.0,1504.0,119.0,-37.944,145.0015
ID343390016,59 Barrett St,3,h,2340000.0,26/08/2017,2.0,1.0,162.0,139.0,-37.84398,144.95044
ID968498628,11 Carrathool St,3,h,1400000.0,10/12/2016,1.0,3.0,770.0,54.0,-37.7644,145.0886
ID264413841,4/1 Nangnak La,2,t,660000.0,14/05/2016,2.0,1.0,146.0,89.0,-37.8157,145.1101
ID713279297,2/3 Tyrone St,2,h,620000.0,13/08/2016,1.0,1.0,122.0,59.0,-37.8439,145.0718
ID460178091,3/302 Grange Rd,2,u,405000.0,28/08/2016,1.0,1.0,0.0,49.0,-37.9031,145.0444
ID780226208,2/4 Balmoral St,2,u,445000.0,10/12/2016,1.0,1.0,916.0,4.0,-37.7502,144.9065
ID724937133,41 Cameron St,3,h,1320000.0,24/09/2016,2.0,2.0,171.0,129.0,-37.8166,144.9987
ID326880893,93 Burke Rd,3,h,770000.0,19/08/2017,1.0,0.0,720.0,99.0,-37.87356,145.27515
ID391253368,5 Gwelo St,3,h,935000.0,27/11/2016,2.0,3.0,466.0,79.0,-37.8019,144.8663
ID510878510,1/54 Emmaline St,1,u,370000.0,23/04/2016,1.0,1.0,0.0,109.0,-37.7635,144.9934
ID945612035,4 Garnet St,3,h,670000.0,8/10/2016,1.0,2.0,532.0,69.0,-37.7749,144.8313
ID233992728,205/72 Altona St,1,u,400000.0,27/05/2017,1.0,1.0,0.0,11.0,-37.79741,144.92614
ID817611774,32 Ailsa Gr,3,h,1850000.0,18/03/2017,2.0,2.0,684.0,19.0,-37.7659,145.0392
ID814822113,5/19 Waratah St,3,u,597000.0,27/05/2017,1.0,1.0,126.0,24.0,-37.80962,144.86876999999996
ID891560604,22b Essex Rd,4,h,2200000.0,7/05/2016,2.0,2.0,734.0,99.0,-37.8286,145.092
ID280372135,27 Gerald St,4,h,1850000.0,16/09/2017,2.0,2.0,628.0,7.0,-37.82942,145.16714
ID991423288,177 Bignell Rd,3,h,1110000.0,25/02/2017,1.0,6.0,542.0,14.0,-37.9272,145.0705
ID569344044,18 Struan Av,4,h,625000.0,15/07/2017,2.0,2.0,669.0,39.0,-37.964659999999995,145.27006
ID825804750,27 Charles St,2,h,1030000.0,30/07/2016,1.0,1.0,172.0,89.0,-37.8086,144.9946
ID395284201,45 Bordeaux St,4,h,1545000.0,29/04/2017,3.0,2.0,647.0,54.0,-37.7819,145.1184
ID331551729,81 Dalpura Cct,3,h,491000.0,27/05/2017,1.0,2.0,602.0,18.0,-38.13759,145.17054
ID516197166,4/6 Riverview Rd,2,u,606000.0,12/11/2016,1.0,2.0,0.0,47.0,-37.7598,144.9128
ID464359271,31a Douglas St,3,u,1045000.0,4/03/2017,2.0,2.0,467.0,69.0,-37.8639,145.0968
ID169959455,23 Cyprus St,3,h,710500.0,8/07/2017,2.0,1.0,655.0,44.0,-37.67414,145.0205
ID272132093,112 Edgewater Bvd,3,t,865000.0,16/04/2016,2.0,2.0,151.0,9.0,-37.7855,144.8958
ID471577631,14 Beths St,4,h,2700000.0,17/06/2017,4.0,2.0,673.0,84.0,-37.91888,145.04775
ID579452288,125/33 Jeffcott St,2,u,670000.0,8/07/2017,1.0,1.0,17.0,23.0,-37.8118,144.95259
ID280520005,6 Shepherd St,3,h,2100000.0,4/06/2016,2.0,2.0,1255.0,49.0,-37.8322,145.1056
ID628794310,114 Shields St,2,h,957000.0,22/05/2016,1.0,0.0,165.0,119.0,-37.7847,144.9341
ID227443300,2 Collett St,3,h,840000.0,15/07/2017,1.0,0.0,114.0,59.0,-37.78895,144.93351
ID573160883,6A Thistle St,4,h,1600000.0,20/05/2017,1.0,2.0,600.0,133.0,-37.8327,145.0976
ID901265802,3/14 Rugby Rd,2,u,455000.0,16/04/2016,1.0,2.0,0.0,59.0,-37.8942,145.0867
ID412971383,18 William St,4,h,1270000.0,28/05/2016,1.0,1.0,352.0,129.0,-37.8059,144.8899
ID664675051,3 Sheargold Ct,3,h,475000.0,18/06/2016,1.0,1.0,535.0,49.0,-37.692,144.9781
ID678545624,10 Whyte St,4,h,2385000.0,27/05/2017,3.0,2.0,373.0,39.0,-37.92465,144.9992
ID695404781,17 Findon St,4,h,2200000.0,4/03/2017,2.0,2.0,541.0,29.0,-37.8717,145.0403
ID269433938,4/88 Addison St,2,u,687000.0,8/04/2017,1.0,1.0,1912.0,49.0,-37.8795,144.98
ID342167975,91 MacEdon Rd,5,h,1381000.0,27/05/2017,2.0,2.0,733.0,109.0,-37.7677,145.11371
ID819572827,3/8 Forest St,2,u,560000.0,12/08/2017,1.0,1.0,0.0,44.0,-37.79627,144.99229
ID291674135,76 Newry St,2,h,1116000.0,3/09/2016,1.0,0.0,152.0,109.0,-37.791,144.9809
ID579071954,7/75 Rosanna Rd,2,h,490000.0,10/12/2016,1.0,1.0,187.0,39.0,-37.7518,145.0698
ID921266217,91 Market Rd,3,h,472000.0,3/06/2017,1.0,0.0,700.0,69.0,-37.89363,144.65693000000005
ID836389529,18 Woodville St,4,h,1630000.0,13/05/2017,2.0,1.0,677.0,59.0,-37.7897,145.0922
ID164343253,105 Moreland Rd,3,h,812000.0,8/10/2016,1.0,1.0,370.0,89.0,-37.7561,144.9718
ID414532398,249 Punt Rd,4,h,905000.0,22/05/2016,1.0,0.0,254.0,129.0,-37.8201,144.9898
ID899256405,1/15 Gilbertson St,2,u,736000.0,23/04/2016,1.0,1.0,0.0,79.0,-37.7412,144.8974
ID183989896,3 Flannery Ct,3,h,925000.0,15/10/2016,1.0,4.0,815.0,22.0,-37.7151,144.9062
ID234307070,59 The Crescent,3,t,918000.0,8/10/2016,2.0,1.0,788.0,21.0,-37.7938,144.9186
ID868427578,16/373 South Rd,2,u,775000.0,7/11/2016,1.0,1.0,112.0,59.0,-37.9306,145.0284
ID873643674,29 Traill St,5,h,1700000.0,27/06/2016,3.0,1.0,450.0,89.0,-37.7701,144.9886
ID329596451,42 Junction Rd,6,h,1200000.0,15/07/2017,2.0,2.0,675.0,69.0,-37.807159999999996,145.16504
ID373372713,11/2 MacArthur Rd,2,u,734600.0,22/08/2016,2.0,1.0,2427.0,29.0,-37.7896,144.9584
ID330683753,2/13 Motherwell St,1,u,465000.0,6/08/2016,1.0,1.0,0.0,49.0,-37.8456,145.0005
ID801064508,78 Dickens St,4,h,2200000.0,27/06/2016,3.0,2.0,348.0,119.0,-37.8748,144.9778
ID923236347,40 Castleton Rd,3,h,820000.0,22/05/2016,2.0,2.0,628.0,59.0,-37.7314,145.0941
ID134466906,57 Crevelli St,2,h,560000.0,1/07/2017,1.0,1.0,198.0,59.0,-37.72874,145.02988
ID571592854,8 Grand Bvd,3,h,881100.0,12/08/2017,2.0,4.0,786.0,59.0,-37.72532,145.12488000000005
ID934247964,33 Schulz St,4,h,1010000.0,13/08/2016,1.0,2.0,658.0,69.0,-37.9343,145.0607
ID287902469,1 Meadowbank St,3,h,780000.0,6/05/2017,1.0,2.0,742.0,49.0,-37.702,144.9538
ID668964057,4 Lysterfield Dr,5,h,800000.0,8/07/2017,3.0,2.0,544.0,11.0,-37.61079,144.90823
ID583395115,403/120 Greville St,2,u,712500.0,28/05/2016,2.0,1.0,0.0,129.0,-37.8493,144.9908
ID144152435,36 Charlotte St,2,h,1421000.0,12/11/2016,1.0,0.0,196.0,19.0,-37.8254,145.0
ID301991501,14 Musk Ct,3,h,295000.0,27/05/2017,1.0,4.0,600.0,44.0,-37.68734,144.58001000000004
ID341071781,403/99 Nott St,1,u,455500.0,24/09/2016,1.0,1.0,0.0,17.0,-37.8405,144.9385
ID431715216,122 Blackwood St,4,h,1606000.0,26/07/2016,2.0,3.0,455.0,129.0,-37.8177,144.8839
ID906755071,88 Victoria St,3,h,875000.0,18/03/2017,1.0,0.0,262.0,39.0,-37.8022,144.8924
ID128559654,2/79 Mimosa Rd,2,t,855000.0,16/04/2016,1.0,1.0,158.0,25.0,-37.8886,145.05200000000005
ID783766754,7/122 Glen Huntly Rd,2,u,510000.0,11/03/2017,1.0,1.0,0.0,69.0,-37.8831,144.9896
ID478509590,48a Purtell St,3,t,800000.0,7/05/2016,2.0,1.0,353.0,49.0,-37.9262,145.055
ID966808499,229/253 Bridge Rd,1,u,439000.0,10/09/2016,1.0,1.0,3516.0,8.0,-37.8183,144.9979
ID852830063,13 Cedar Dr,3,h,1200000.0,12/08/2017,2.0,2.0,352.0,22.0,-37.77413,144.87533
ID964410076,29 Whatley St,3,h,625000.0,29/07/2017,2.0,1.0,379.0,69.0,-38.07912,145.12965
ID520344241,15 Killarney Rd,3,h,1002000.0,24/09/2016,1.0,2.0,799.0,59.0,-37.7698,145.1028
ID528302148,2/12 Moorong St,4,t,1042500.0,11/02/2017,3.0,2.0,209.0,3.0,-37.8805,145.105
ID406367581,1 Hornby St,4,h,1720000.0,9/09/2017,2.0,2.0,659.0,69.0,-37.97951,145.02515
ID609839975,5 Aroona Ct,3,h,1680000.0,22/07/2017,2.0,2.0,673.0,54.0,-37.76316,144.89799
ID244050988,17 Packington Pl,2,h,1365000.0,26/08/2017,1.0,2.0,206.0,119.0,-37.85569,145.00522
ID435676743,16A Waterloo St,3,h,3300000.0,25/02/2017,3.0,2.0,417.0,3.0,-37.830999999999996,145.0621
ID914752066,10 Port St,3,h,807500.0,14/05/2016,1.0,3.0,647.0,49.0,-37.8481,144.8666
ID371264026,1/27 Noordenne Av,1,u,312000.0,29/07/2017,1.0,0.0,0.0,49.0,-37.86007,144.84578
ID372671482,9 Talba Ct,3,h,552500.0,12/08/2017,2.0,2.0,779.0,31.0,-38.114709999999995,145.18248
ID408801431,12a Doyle St,3,u,622000.0,1/07/2017,1.0,1.0,204.0,59.0,-37.76215,144.85986
ID554529351,89 Armstrong St,3,h,3750000.0,27/05/2017,2.0,1.0,411.0,44.0,-37.85327,144.96223
ID813377537,19 Hall St,3,h,900000.0,15/07/2017,1.0,0.0,227.0,99.0,-37.752959999999995,144.95967
ID815818362,2/20 Talmage St,2,t,340000.0,29/07/2017,1.0,1.0,100.0,39.0,-37.77956,144.82519
ID785248073,23A Havelock St,2,h,1120000.0,8/04/2017,1.0,0.0,135.0,89.0,-37.8661,144.9802
ID314197476,6/285 Barkly St,1,u,450000.0,18/06/2016,1.0,1.0,0.0,10.0,-37.8731,144.9799
ID846722921,4 Burgess St,3,h,1405000.0,27/11/2016,1.0,2.0,212.0,19.0,-37.8302,144.9993
ID737266034,64 Pilgrim St,3,h,880000.0,15/10/2016,1.0,0.0,216.0,129.0,-37.8052,144.8941
ID869482129,31 Elizabeth St,2,h,820000.0,10/12/2016,1.0,1.0,597.0,59.0,-37.7402,144.9807
ID233620773,2A Kerr St,3,t,881000.0,19/08/2017,1.0,1.0,300.0,59.0,-37.81156,145.14057
ID835083826,28 Flinders St,2,h,903000.0,26/07/2016,1.0,1.0,591.0,54.0,-37.7679,145.0978
ID251023303,10/352 Canterbury Rd,2,u,500000.0,4/03/2017,1.0,1.0,5530.0,18.0,-37.859,144.9767
ID779335383,1/40 Warmington Rd,3,h,305000.0,27/06/2016,1.0,2.0,367.0,49.0,-37.8018,144.8246
ID335996814,9 Arthur St,3,h,1355000.0,29/04/2017,1.0,1.0,814.0,54.0,-37.7909,145.1309
ID695335284,94 Davies St,4,h,1385000.0,13/05/2017,2.0,4.0,650.0,69.0,-37.7575,144.9716
ID806286682,60A Kennedy St,3,t,935000.0,3/06/2017,2.0,2.0,244.0,19.0,-37.9203,145.08074
ID921804492,7/31 Kensington Rd,3,u,740000.0,15/10/2016,1.0,1.0,0.0,49.0,-37.8376,145.0012
ID686837465,1/4 Box Rd,3,h,590000.0,27/05/2017,1.0,2.0,392.0,39.0,-37.70433,145.12184
ID578461981,455 Gordon St,3,t,1011000.0,11/02/2017,2.0,2.0,225.0,17.0,-37.7867,144.8906
ID224530985,106 Outlook Dr,3,h,600000.0,22/05/2016,1.0,4.0,541.0,51.0,-37.7051,144.9069
ID718305687,3/9 Maroona Rd,1,u,365000.0,30/07/2016,1.0,1.0,0.0,59.0,-37.8887,145.048
ID782235141,249 Punt Rd,4,h,950000.0,8/10/2016,1.0,0.0,254.0,129.0,-37.8201,144.9898
ID258601553,2/12 Chettam St,3,u,380500.0,27/05/2017,2.0,1.0,156.0,6.0,-37.6349,145.04041999999995
ID812924733,34 Dean St,4,h,910000.0,12/11/2016,1.0,1.0,582.0,69.0,-37.7355,145.0178
ID259707204,4 Wilmoth St,3,h,1335000.0,4/03/2017,1.0,3.0,520.0,99.0,-37.7683,145.0156
ID365884807,25 Cobden St,3,h,1200000.0,13/08/2016,2.0,0.0,113.0,109.0,-37.8346,144.9688
ID333985312,29 Flinders St,3,h,1200000.0,12/08/2017,1.0,3.0,557.0,21.0,-37.76762,145.09773
ID588674101,5/6 Tivoli Pl,2,u,863000.0,4/03/2017,2.0,1.0,742.0,69.0,-37.8357,144.9867
ID188768338,8/68 Goldsmith St,2,u,630000.0,25/02/2017,1.0,1.0,0.0,84.0,-37.8817,144.984
ID444436446,103/58 Ballarat St,1,u,381000.0,17/09/2016,1.0,1.0,0.0,59.0,-37.8184,144.8904
ID185248019,1120 Burke Rd,3,h,2668000.0,22/07/2017,1.0,2.0,939.0,39.0,-37.794940000000004,145.06382
ID288294702,157 Cumberland Rd,4,h,730000.0,10/09/2016,1.0,3.0,683.0,49.0,-37.7251,144.9394
ID543943064,1/52 Elder Pde,3,u,820000.0,28/08/2016,1.0,1.0,0.0,104.0,-37.751999999999995,144.9079
ID111230289,56 Severn St,4,h,1190000.0,27/05/2017,1.0,2.0,405.0,7.0,-37.816109999999995,144.87945
ID478252300,5 Braim St,3,h,700000.0,18/06/2016,1.0,2.0,538.0,44.0,-37.7704,144.8384
ID114067171,68 Mortimore St,3,h,1350000.0,24/09/2016,1.0,1.0,617.0,7.0,-37.9282,145.047
ID116400129,20/20 St Edmonds Rd,2,u,626000.0,12/08/2017,1.0,2.0,0.0,19.0,-37.850590000000004,144.99188
ID255409549,33 Newstead St,3,h,1320000.0,10/09/2016,2.0,2.0,645.0,119.0,-37.7662,144.8971
ID463951875,8 Sherwood St,3,h,630000.0,3/12/2016,1.0,1.0,604.0,49.0,-37.7124,144.9514
ID634233320,27 MacPherson St,2,h,882000.0,29/04/2017,1.0,0.0,172.0,119.0,-37.7936,144.8905
ID372760066,6b Howell St,3,u,845000.0,22/04/2017,1.0,2.0,242.0,23.0,-37.9302,145.0331
ID948993334,10 Wattle Gr,5,h,2000000.0,25/02/2017,3.0,4.0,697.0,14.0,-37.8664,144.8416
ID810418305,80 Dover St,3,t,1017500.0,19/08/2017,2.0,2.0,459.0,16.0,-37.78273,144.92358000000004
ID723169316,25 Percy St,5,h,2550000.0,10/12/2016,3.0,2.0,642.0,89.0,-37.8096,145.0735
ID519517718,13 Churchill Ct,4,h,2525000.0,24/06/2017,2.0,2.0,725.0,19.0,-37.92884,145.01518000000004
ID656847474,2/63 Devonshire Rd,2,u,604000.0,15/07/2017,1.0,1.0,151.0,44.0,-37.71298,145.08115
ID449240262,61 William St,3,h,1875000.0,29/07/2017,1.0,2.0,828.0,19.0,-37.74473,144.90238
ID786833606,4/12 Dalny Rd,2,u,490000.0,20/05/2017,1.0,1.0,0.0,9.0,-37.9025,145.066
ID470655892,9 Dolphin Ct,3,h,625000.0,1/07/2017,1.0,2.0,544.0,39.0,-37.68541,144.88471
ID445133312,2/94 Truganini Rd,2,u,737000.0,27/06/2016,1.0,1.0,165.0,29.0,-37.8927,145.0539
ID181078122,13 Hudson St,4,h,1160000.0,18/06/2016,2.0,5.0,371.0,131.0,-37.7436,144.96200000000005
ID643420767,309 Springvale Rd,3,h,800000.0,24/06/2017,1.0,2.0,617.0,59.0,-37.8318,145.17368000000005
ID652281610,140 Woodland St,3,h,1650000.0,24/06/2017,3.0,2.0,698.0,49.0,-37.742459999999994,144.92074
ID190957683,5 Wavell St,3,h,1400000.0,15/10/2016,2.0,1.0,643.0,79.0,-37.8285,145.1272
ID803698582,2/53 Moylan St,3,h,835000.0,18/06/2016,1.0,1.0,250.0,39.0,-37.9087,145.0537
ID433150610,15 New St,4,h,770000.0,29/07/2017,2.0,2.0,723.0,49.0,-37.8476,145.29493
ID404761183,124 Victoria St,3,h,2478000.0,19/08/2017,2.0,1.0,205.0,134.0,-37.79933,144.97932
ID354431403,1 Bute St,3,h,1315000.0,27/05/2017,3.0,2.0,122.0,69.0,-37.80401,144.89518999999999
ID167873069,1/48 Kenny St,4,t,1575000.0,8/07/2017,2.0,2.0,392.0,12.0,-37.80039,145.0961
ID656106161,44 Hartington St,4,h,1400000.0,7/05/2016,1.0,1.0,489.0,109.0,-37.8916,145.0123
ID448217214,188 Rachelle Rd,3,h,835000.0,8/04/2017,2.0,2.0,700.0,39.0,-37.7322,144.8722
ID900265598,39 Alexander St,3,h,661000.0,16/09/2017,1.0,3.0,819.0,5.0,-38.00377,145.26161000000005
ID292840828,13 Baily St,4,h,1387000.0,24/06/2017,2.0,4.0,691.0,823.0,-37.86827,145.1452
ID478252300,5 Braim St,3,h,700000.0,18/06/2016,1.0,2.0,538.0,44.0,-37.7704,144.8384
ID700109638,607/2 McGoun St,2,u,592000.0,22/07/2017,2.0,2.0,2044.0,8.0,-37.817,144.99553999999995
ID816040185,22 Skipton Rd,4,h,1337000.0,15/10/2016,1.0,2.0,696.0,89.0,-37.8991,145.0804
ID209673038,13 Kiama St,2,t,610000.0,1/07/2017,1.0,1.0,182.0,4.0,-37.711999999999996,144.91761
ID795722793,10 Dumbarton St,3,h,851000.0,27/11/2016,1.0,1.0,826.0,59.0,-37.7013,145.0244
ID867255641,135 Suffolk St,3,h,709000.0,22/05/2016,1.0,1.0,405.0,59.0,-37.79,144.86700000000005
ID478303120,182 Keele St,2,h,670000.0,18/03/2017,1.0,0.0,118.0,119.0,-37.7976,144.993
ID399402345,22 Andrews St,3,h,1175000.0,15/10/2016,1.0,2.0,661.0,54.0,-37.8495,145.1282
ID903084714,183a High St,3,u,751800.0,27/11/2016,1.0,2.0,109.0,18.0,-37.7749,145.1138
ID706371221,307/18 Hull St,2,u,500000.0,8/04/2017,1.0,1.0,0.0,7.0,-37.8175,144.9974
ID315902032,6/4 Gurner St,2,u,455000.0,7/11/2016,1.0,1.0,0.0,17.0,-37.8619,144.9802
ID878927452,186 Mascoma St,5,h,910000.0,8/04/2017,2.0,2.0,533.0,54.0,-37.7189,144.9044
ID515614442,1/171 Melrose Dr,3,h,615500.0,29/07/2017,2.0,1.0,238.0,8.0,-37.70322,144.88236
ID416866440,7 Arnold St,4,h,780000.0,24/06/2017,2.0,2.0,696.0,20.0,-37.78647,144.81319
ID985644467,20 Everton Gr,5,h,2630000.0,10/12/2016,3.0,2.0,777.0,94.0,-37.8287,145.1054
ID971843214,3/10 Kendall St,2,u,702500.0,4/03/2017,1.0,1.0,168.0,11.0,-37.758,144.9311
ID542223866,8/8 Tattenham St,2,u,300000.0,27/05/2017,1.0,1.0,1961.0,59.0,-37.88299,145.04711
ID881043648,4a Mills St,3,t,1550000.0,7/11/2016,2.0,2.0,718.0,139.0,-37.8443,144.9598
ID465593718,15 Littlewood St,3,h,2513000.0,6/05/2017,2.0,1.0,766.0,89.0,-37.9346,145.0049
ID440116658,62 Everard St,3,h,500000.0,10/09/2016,1.0,1.0,589.0,16.0,-37.6993,144.9393
ID205495772,121 Vine St,2,h,1302500.0,13/05/2017,1.0,2.0,455.0,89.0,-37.7692,144.9353
ID326621494,2/44 Railway Pde S,3,u,700000.0,4/06/2016,2.0,1.0,224.0,13.0,-37.8738,145.1054
ID145629045,131 Sycamore St,3,h,1350000.0,20/05/2017,2.0,1.0,305.0,94.0,-37.8899,145.023
ID264710417,267 Yallambie Rd,3,h,753000.0,11/02/2017,2.0,1.0,536.0,44.0,-37.7233,145.1045
ID848279590,48 Coonawarra Dr,4,h,1138000.0,19/08/2017,2.0,2.0,784.0,39.0,-37.852109999999996,145.20174
ID566397737,9/3 Irving St,2,u,570500.0,4/03/2017,1.0,2.0,0.0,49.0,-37.8597,145.0318
ID742933877,24 Banksia Av,3,h,651000.0,22/07/2017,1.0,2.0,526.0,49.0,-37.68164,144.99768999999995
ID559584368,280 Francis St,3,h,850000.0,13/08/2016,1.0,1.0,444.0,15.0,-37.8193,144.8753
ID376720353,74 Challis St,4,h,1560000.0,6/05/2017,2.0,3.0,480.0,79.0,-37.8439,144.8733
ID414177518,55 Withers St,4,h,2800000.0,18/06/2016,3.0,1.0,327.0,109.0,-37.8467,144.9475
ID290882231,15/703 Orrong Rd,2,u,1400000.0,27/06/2016,2.0,2.0,2927.0,59.0,-37.8414,145.0137
ID791526742,47 Brougham St,3,h,1668000.0,11/02/2017,2.0,2.0,289.0,49.0,-37.8048,145.0303
ID974657895,10 Kiewa St,3,h,1420000.0,15/07/2017,1.0,1.0,726.0,54.0,-37.86173,145.11074
ID665369016,5 Morris St,5,h,1350000.0,29/07/2017,2.0,2.0,653.0,69.0,-37.993359999999996,145.08953
ID406726027,11/79 Atherton Rd,2,u,400000.0,7/05/2016,1.0,1.0,0.0,15.0,-37.8991,145.0939
ID856714979,9 Huntingfield St,4,h,475000.0,23/09/2017,2.0,1.0,294.0,8.0,-37.58364,144.90804
ID152899741,14 Kanowna St,3,h,1850000.0,9/09/2017,1.0,2.0,697.0,49.0,-37.94435,145.00927
ID858864542,1 College St,3,h,1560000.0,18/03/2017,2.0,0.0,198.0,109.0,-37.8169,145.0234
ID890226834,1/13 Maidstone St,2,h,633000.0,8/07/2017,1.0,2.0,123.0,14.0,-37.82223,145.22503999999995
ID327763167,13 Robb St,3,h,831000.0,16/04/2016,1.0,0.0,353.0,129.0,-37.8309,144.889
ID394534037,22 Quentin Rd,4,h,1380000.0,20/05/2017,2.0,2.0,230.0,12.0,-37.8806,145.0831
ID778410066,108 Normanby Av,3,h,1300000.0,16/09/2017,1.0,2.0,531.0,89.0,-37.75832,144.99017
ID200767416,111/112 Pier St,2,u,440000.0,11/02/2017,1.0,1.0,0.0,54.0,-37.8659,144.83100000000005
ID772281189,39 Cuthbert St,4,h,1350000.0,7/11/2016,3.0,2.0,747.0,34.0,-37.7387,144.8827
ID601951619,6 Paul Gr,4,h,675000.0,24/06/2017,2.0,2.0,1031.0,59.0,-38.00224,145.41081
ID856521439,6/28 The Avenue,2,u,650000.0,16/07/2016,2.0,1.0,0.0,9.0,-37.8554,144.9982
ID440935410,504/2 Golding St,2,u,600000.0,15/07/2017,1.0,1.0,0.0,5.0,-37.82214000000001,145.03288
ID245678686,308 Sussex St,2,h,650000.0,27/05/2017,1.0,2.0,605.0,59.0,-37.718779999999995,144.95176
ID277478477,1/26 Tucker St,3,t,492000.0,28/08/2016,1.0,1.0,208.0,8.0,-37.7092,144.9695
ID119506951,4 Whitmore Pl,3,h,485000.0,3/06/2017,2.0,1.0,453.0,22.0,-37.688109999999995,144.74999
ID971736415,2/18 Hancock St,2,u,540000.0,3/06/2017,1.0,1.0,132.0,39.0,-37.86444,144.82304
ID397286716,7 Duff St,4,h,1665000.0,16/09/2017,3.0,2.0,780.0,19.0,-37.9602,145.02026
ID367960463,70 James St,3,h,1450000.0,28/08/2016,1.0,1.0,489.0,119.0,-37.7756,145.0002
ID743209844,7 Cambridge St,3,h,1870000.0,25/02/2017,2.0,1.0,339.0,5.0,-37.8622,145.0112
ID770181629,11 Perceval St,3,h,498500.0,9/09/2017,2.0,2.0,688.0,119.0,-37.57367,144.71842
ID921764305,7/282 Barkly St,1,u,360000.0,13/05/2017,1.0,0.0,0.0,60.0,-37.8749,144.9799
ID341106040,8/294 Nicholson St,1,u,215000.0,22/05/2016,1.0,1.0,0.0,99.0,-37.8087,144.8978
ID556822589,11 Henry St,2,h,677000.0,27/11/2016,1.0,0.0,67.0,169.0,-37.7969,144.9759
ID267609913,5 Gatis St,3,h,1738000.0,16/09/2017,2.0,2.0,692.0,54.0,-37.85672,145.09098999999995
ID945888396,42 Bishop St,4,h,1610000.0,15/07/2017,2.0,2.0,592.0,69.0,-37.90821,145.09313999999995
ID731364387,1/308 Canterbury Rd,2,u,805000.0,13/08/2016,1.0,2.0,297.0,119.0,-37.8255,145.092
ID144152435,36 Charlotte St,2,h,1421000.0,12/11/2016,1.0,0.0,196.0,19.0,-37.8254,145.0
ID362621278,57 Eastwood St,3,h,813500.0,22/05/2016,1.0,1.0,165.0,22.0,-37.7907,144.9303
ID679287460,77 Merrett Dr,3,h,1031000.0,26/08/2017,2.0,2.0,333.0,24.0,-37.85927,144.87904
ID676509344,8 Orgill St,2,h,488000.0,12/08/2017,1.0,1.0,414.0,29.0,-37.99173,145.22308999999996
ID125900590,3 Besant St,3,h,1280000.0,26/08/2017,1.0,3.0,658.0,62.0,-37.94259,145.03003999999999
ID992077268,70 Barry St,3,h,785000.0,24/09/2016,1.0,1.0,719.0,5.0,-37.709,145.0015
ID961318193,4/186 Beach Rd,1,u,519000.0,3/06/2017,1.0,1.0,0.0,49.0,-38.00508,145.08189
ID670873945,26A Macquarie St,3,h,1262000.0,25/02/2017,2.0,2.0,204.0,39.0,-37.8551,144.8959
ID679511435,11 Milfay Ct,3,h,1651000.0,27/11/2016,1.0,2.0,657.0,59.0,-37.7895,145.0985
ID192010640,29 Denmark St,3,h,1300000.0,27/05/2017,1.0,2.0,257.0,99.0,-37.81176,145.02806999999999
ID722796048,7 Bowen St,3,h,2000000.0,19/11/2016,2.0,1.0,217.0,109.0,-37.8158,144.9931
ID613047274,8 Yendon Rd,3,h,1252000.0,25/02/2017,1.0,1.0,376.0,21.0,-37.8896,145.0492
ID627041639,695 Heatherton Rd,3,h,1250500.0,9/09/2017,1.0,2.0,1226.0,69.0,-37.95988,145.13279
ID234138580,90 Bent St,4,h,1400000.0,29/07/2017,2.0,1.0,375.0,89.0,-37.762609999999995,144.93249
ID717735971,215 Doncaster Rd,3,h,1670000.0,29/04/2017,0.0,0.0,818.0,25.0,-37.7939,145.0866
ID576451878,2 Hood St,4,h,1158000.0,23/04/2016,1.0,3.0,411.0,109.0,-37.8117,144.8873
ID954219714,33 Clay Dr,4,h,2600000.0,3/06/2017,4.0,2.0,1072.0,59.0,-37.79094,145.12733
ID472639230,29 Type St,2,h,1200000.0,16/09/2017,1.0,2.0,135.0,129.0,-37.82132,145.00973
ID422665079,2A Barrani St,4,t,1325000.0,25/02/2017,4.0,2.0,363.0,7.0,-37.9116,145.0686
ID147802158,5 Saunders St,4,h,1150000.0,28/05/2016,1.0,2.0,633.0,29.0,-37.7531,144.9504
ID680274424,23 Gardeners Rd,3,h,1405000.0,24/09/2016,1.0,1.0,764.0,8.0,-37.9143,145.0629
ID763439276,1 Ord Ct,3,h,412500.0,22/07/2017,1.0,1.0,583.0,39.0,-37.88702,144.66101
ID791749620,15 Warburton Ct,3,h,592000.0,8/07/2017,1.0,1.0,622.0,27.0,-37.66294,145.06301000000005
ID744844401,20 Ambon St,3,h,910000.0,22/04/2017,1.0,1.0,674.0,64.0,-37.7341,145.0275
ID316479471,79 Hope St,4,h,1450000.0,7/11/2016,2.0,2.0,323.0,8.0,-37.7637,144.9565
ID983780255,10 Zinnia St,3,h,502500.0,6/08/2016,1.0,2.0,491.0,69.0,-37.7152,144.9823
ID679287460,77 Merrett Dr,3,h,1031000.0,26/08/2017,2.0,2.0,333.0,24.0,-37.85927,144.87904
ID792899597,5 Hanlon Cl,4,h,1150000.0,17/06/2017,2.0,2.0,603.0,15.0,-38.00549,145.10371999999995
ID516062933,63 Park Dr,3,h,843000.0,8/04/2017,2.0,4.0,573.0,39.0,-37.7473,144.8555
ID393044309,107/250 Barkly St,2,u,430000.0,22/07/2017,1.0,1.0,1909.0,12.0,-37.79919,144.89607
ID809544271,61 Dundas St,3,h,910000.0,26/08/2017,1.0,2.0,276.0,54.0,-37.75277,145.00734
ID821425737,24/294 Nicholson St,2,u,450000.0,6/08/2016,1.0,2.0,0.0,49.0,-37.8087,144.8978
ID766127892,40 Kingston St,3,h,872500.0,29/04/2017,1.0,2.0,189.0,99.0,-37.8145,144.8808
ID291203378,141/95 Rouse St,2,u,1250000.0,22/05/2016,2.0,2.0,0.0,16.0,-37.8435,144.9415
ID730717482,3/72 Charles St,4,h,1330000.0,18/03/2017,2.0,2.0,780.0,119.0,-37.8073,144.9952
ID866186988,34 Ayr St,3,h,826000.0,28/08/2016,1.0,4.0,192.0,49.0,-37.7837,145.1027
ID720446462,166 Gordon St,2,h,2100000.0,3/09/2016,1.0,1.0,659.0,99.0,-37.8094,145.0807
ID647482904,1 Christie St,3,h,632000.0,23/09/2017,1.0,1.0,562.0,59.0,-37.772240000000004,144.77381
ID905780745,16 Creswick St,3,h,900000.0,22/07/2017,1.0,3.0,312.0,139.0,-37.79334,144.89128
ID243719416,78 Hope St,2,h,2210000.0,3/06/2017,2.0,1.0,187.0,129.0,-37.83554,144.97956000000005
ID884172273,12/27 Marnoo St,3,t,560000.0,22/07/2017,1.0,1.0,158.0,17.0,-37.78893,144.84652
ID479751902,47B Vannam Dr,3,t,1060000.0,22/07/2017,2.0,2.0,343.0,19.0,-37.86324000000001,145.10289
ID747833601,4 Farnsworth St,3,h,865000.0,27/05/2017,1.0,2.0,550.0,49.0,-37.77972000000001,144.83809
ID515209954,5 Empress Ct,3,h,472500.0,18/06/2016,1.0,1.0,586.0,52.0,-37.791,144.7925
ID869594461,7/435 St Kilda St,2,u,655000.0,18/06/2016,1.0,1.0,0.0,54.0,-37.8902,144.9907
ID230588140,12 Newstead St,4,h,1900000.0,17/09/2016,3.0,8.0,865.0,6.0,-37.7682,144.8971
ID119237722,1 East St,3,t,1000000.0,27/11/2016,2.0,2.0,200.0,16.0,-37.7766,144.9277
ID840038665,45 Mirams St,3,h,1410000.0,27/11/2016,2.0,2.0,459.0,99.0,-37.7767,144.9124
ID242361903,4/130 Kensington Rd,2,t,750000.0,7/05/2016,1.0,1.0,325.0,17.0,-37.7976,144.9213
ID384673371,4 Dane Rd,4,h,1200000.0,28/08/2016,2.0,2.0,0.0,17.0,-37.9405,145.0346
ID177857844,10 Risley Cl,3,h,518000.0,29/07/2017,2.0,2.0,308.0,24.0,-37.73868,144.7325
ID705633944,14 Ebb St,3,h,970000.0,22/07/2017,2.0,2.0,612.0,59.0,-38.01596,145.09932
ID843183613,13 Carron St,2,t,635000.0,18/03/2017,1.0,1.0,97.0,5.0,-37.7516,144.9623
ID749877274,34 Hooker Rd,3,h,471500.0,22/07/2017,1.0,2.0,530.0,7.0,-37.89415,144.64143
ID997614164,12/440 Stud Rd,3,u,622000.0,15/07/2017,1.0,1.0,137.0,7.0,-37.87615,145.23192
ID336043511,1/547 Neerim Rd,4,t,1340000.0,13/05/2017,4.0,2.0,370.0,13.0,-37.8919,145.0781
ID500745288,7 Alexis Cl,4,h,915000.0,3/06/2017,3.0,2.0,624.0,14.0,-37.63485,145.07272
ID165221591,11a Elm Gr,2,h,1102000.0,12/11/2016,1.0,2.0,318.0,109.0,-37.9011,145.0011
ID372470612,1/464 Victoria St,2,t,735000.0,24/09/2016,1.0,2.0,120.0,15.0,-37.7659,144.9487
ID123449344,12 Campbell Gr,3,h,871000.0,19/08/2017,2.0,2.0,534.0,54.0,-37.98068,145.12493999999995
ID736121039,22 Emu La,2,t,800000.0,8/07/2017,1.0,1.0,145.0,9.0,-37.7882,144.94205
ID255254670,37 Purches St,3,h,1010000.0,26/08/2017,2.0,2.0,672.0,49.0,-37.8236,145.20898
ID324734626,32 Elton Rd,3,h,663500.0,3/06/2017,1.0,2.0,736.0,59.0,-37.88909,145.26935
ID583745584,12 Walerna Rd,3,h,1750000.0,7/05/2016,2.0,2.0,652.0,68.0,-37.8556,145.06799999999996
ID852443912,26 Lowalde Dr,3,h,595000.0,26/08/2017,1.0,2.0,536.0,39.0,-37.64972,145.04086
ID525715784,2/9 Havelock St,3,t,722000.0,3/09/2017,2.0,2.0,147.0,4.0,-37.785379999999996,144.87958999999995
ID707529998,61 Willis St,3,h,829000.0,28/05/2016,2.0,2.0,84.0,13.0,-37.7935,144.9187
ID766388753,2059 Malvern Rd,3,h,1380000.0,8/04/2017,1.0,2.0,572.0,109.0,-37.8757,145.066
ID263115846,15/20 Princes St,2,u,680000.0,20/05/2017,1.0,0.0,0.0,129.0,-37.859,144.9816
ID642327506,9A The Crossway,3,h,620000.0,19/08/2017,2.0,1.0,292.0,6.0,-37.74695,144.86625
ID827191537,8 Rocklands Rd,3,h,1120000.0,7/05/2016,1.0,2.0,723.0,19.0,-37.8642,145.1109
ID983075618,120 Epsom Rd,3,h,970000.0,7/05/2016,1.0,2.0,350.0,115.0,-37.7759,144.91
ID130207714,1 Centurion Ct,3,h,600000.0,15/07/2017,1.0,2.0,524.0,49.0,-37.64273,145.03751
ID474272832,10/76 Oxford St,2,u,683000.0,17/09/2016,1.0,1.0,0.0,119.0,-37.8035,144.985
ID281548158,35 Bordeaux St,4,h,1430000.0,10/12/2016,2.0,2.0,655.0,49.0,-37.782,145.1194
ID720694962,111 Cecil St,2,h,1000000.0,3/09/2016,1.0,0.0,128.0,109.0,-37.7941,144.9802
ID555913337,15 The Crofts,3,h,1300000.0,24/06/2017,1.0,0.0,200.0,49.0,-37.8196,144.99101000000005
ID732223867,6 Tame St,6,h,615000.0,12/08/2017,3.0,1.0,850.0,39.0,-37.62856,144.71825
ID401374399,2/60 Budd St,3,t,887500.0,22/05/2016,2.0,1.0,81.0,19.0,-37.7961,144.9874
ID474053499,16 Nevada St,4,h,1700000.0,27/06/2016,2.0,5.0,754.0,59.0,-37.786,145.0886
ID153691551,4/39 Hunter St,2,u,1226000.0,6/05/2017,1.0,1.0,826.0,23.0,-37.821,145.0054
ID619795035,143 Ogilvie St,2,h,1315000.0,7/11/2016,1.0,0.0,634.0,119.0,-37.7406,144.894
ID311145050,4 Collegian Av,3,h,1848000.0,26/08/2017,1.0,3.0,824.0,84.0,-37.737970000000004,144.92455
ID650093831,2/172 Cape St,3,h,655000.0,23/04/2016,2.0,2.0,175.0,49.0,-37.7514,145.0689
ID614847930,86 Neville St,2,h,896000.0,26/07/2016,1.0,2.0,543.0,49.0,-37.898,145.0528
ID887883169,3 Horton St,3,h,760000.0,13/05/2017,2.0,2.0,567.0,69.0,-37.7236,144.9876
ID937071119,14 Prentice St,3,h,1805000.0,10/12/2016,2.0,1.0,347.0,49.0,-37.8833,145.0118
ID789183052,7 Lisa Ct,4,h,472000.0,27/05/2017,2.0,2.0,546.0,29.0,-37.851459999999996,144.67109
ID988385808,13/200 Westgarth St,1,u,400000.0,27/11/2016,1.0,1.0,0.0,5.0,-37.7831,145.0124
ID305697640,28/60 Harp Rd,1,u,395000.0,30/07/2016,1.0,1.0,0.0,14.0,-37.7999,145.0544
ID411733677,7/15 Manchester Gr,2,u,695000.0,4/06/2016,2.0,1.0,0.0,5.0,-37.8878,145.0407
ID699972132,26 Wills St,4,h,2000000.0,27/06/2016,1.0,2.0,739.0,89.0,-37.8039,145.0631
ID886718910,1 Marriage Rd,4,h,1815000.0,22/05/2016,2.0,2.0,732.0,22.0,-37.9184,145.007
ID683878499,6/105 Cochrane St,2,u,845000.0,29/07/2017,1.0,1.0,100.0,59.0,-37.89569,144.99881000000005
ID530310411,32 Heron Ct,4,h,1050000.0,9/09/2017,2.0,2.0,770.0,59.0,-37.78929,145.2458
ID730399167,8/7 Warner St,2,u,611000.0,8/10/2016,1.0,1.0,0.0,11.0,-37.8515,145.0372
ID321226307,11 Vincent St,3,h,951000.0,27/11/2016,2.0,0.0,342.0,139.0,-37.743,144.95600000000005
ID989843899,15 Derna St,3,h,740000.0,7/11/2016,2.0,1.0,627.0,59.0,-37.747,145.0402
ID197305813,371 Rae St,2,h,1270000.0,17/06/2017,1.0,0.0,183.0,129.0,-37.78353,144.97991000000005
ID478237233,3/56 Banksia St,2,t,630000.0,20/05/2017,1.0,1.0,86.0,52.0,-37.7586,145.0629
ID360396199,91 Arthurton Rd,3,h,1255000.0,10/09/2016,2.0,1.0,259.0,109.0,-37.7687,144.9922
ID166307694,74 Carpenter St,5,h,2750000.0,7/05/2016,3.0,1.0,509.0,14.0,-37.9118,144.9984
ID306581139,4/1 Ashley St,2,u,427500.0,7/11/2016,1.0,1.0,146.0,39.0,-37.719,145.0014
ID401586360,69 Lloyd St,4,h,1635000.0,11/02/2017,2.0,3.0,0.0,24.0,-37.7354,144.9128
ID229439043,9A Normanby St,2,h,980000.0,20/05/2017,1.0,1.0,387.0,123.0,-37.9021,145.0837
ID854384972,18 Zinnia St,3,h,595000.0,6/05/2017,1.0,1.0,490.0,49.0,-37.7152,144.9817
ID943186589,4 Linton St,3,h,1680000.0,4/03/2017,2.0,2.0,665.0,94.0,-37.7714,145.0455
ID291203378,141/95 Rouse St,2,u,1250000.0,22/05/2016,2.0,2.0,0.0,16.0,-37.8435,144.9415
ID366413688,7/44 Darling St,2,u,630000.0,17/09/2016,1.0,1.0,0.0,6.0,-37.8361,144.9921
ID224005391,56 Tennyson St,3,h,1050000.0,4/06/2016,1.0,1.0,274.0,119.0,-37.7984,144.929
ID921934033,5/35 Durham Rd,2,h,600000.0,28/05/2016,1.0,1.0,163.0,91.0,-37.8294,145.0913
ID170477110,40 Metung St,5,h,2800000.0,4/06/2016,3.0,2.0,678.0,18.0,-37.8048,145.0708
ID941719795,60 Hamilton St,4,h,1785000.0,10/09/2016,2.0,2.0,640.0,51.0,-37.8104,144.8867
ID706847895,14 Howard St,4,h,773000.0,30/07/2016,1.0,2.0,333.0,49.0,-37.7893,144.8818
ID845595335,120/1 Graham St,3,u,1725000.0,3/06/2017,2.0,2.0,0.0,19.0,-37.8429,144.94487
ID370311678,31 Hampstead Cr,4,h,1320000.0,9/09/2017,2.0,5.0,1021.0,83.0,-37.90317,145.16607
ID169770195,1 Bent St,3,h,2160000.0,18/03/2017,1.0,1.0,590.0,89.0,-37.8807,145.0005
ID433449490,193 Edwardes St,3,h,915000.0,8/10/2016,3.0,2.0,618.0,59.0,-37.7154,144.9962
ID940388396,2/22 Seymour Gr,2,u,810000.0,27/11/2016,1.0,1.0,0.0,129.0,-37.8357,145.0595
ID484089703,16 Morawa Dr,3,h,800000.0,27/05/2017,2.0,2.0,324.0,26.0,-37.92783,145.19685
ID562806355,35 Gungarlan Dr,3,h,695000.0,19/11/2016,2.0,2.0,716.0,49.0,-37.734,144.8593
ID977734327,1 Sartori St,4,h,1600000.0,8/07/2017,2.0,2.0,592.0,12.0,-37.84839,145.14299
ID735252239,15/496 Dandenong Rd,2,u,450000.0,18/03/2017,1.0,1.0,1092.0,5.0,-37.8647,145.0232
ID894404668,10/81 Koornang Rd,2,u,662000.0,17/09/2016,2.0,1.0,0.0,49.0,-37.8873,145.0572
ID921374350,11/205 Gipps St,1,u,470000.0,26/07/2016,1.0,1.0,0.0,6.0,-37.8055,144.9961
ID616237292,78 Olympus Dr,4,h,1182500.0,27/11/2016,2.0,2.0,650.0,44.0,-37.7764,145.1216
ID416210789,2 Fairbank Pl,5,h,355000.0,3/06/2017,2.0,2.0,666.0,43.0,-37.67523,144.55833
ID237160235,2/199 Barkly St,1,u,528000.0,8/04/2017,1.0,1.0,0.0,9.0,-37.7767,144.9676
ID245866671,7 Prospect Gr,4,h,2100000.0,12/11/2016,1.0,2.0,0.0,6.0,-37.7736,145.0004
ID263982573,29 Fuller St,3,h,950000.0,1/07/2017,1.0,2.0,608.0,44.0,-37.825829999999996,145.20608000000001
ID622026715,100 Faraday St,2,h,1010000.0,18/03/2017,1.0,0.0,101.0,139.0,-37.7989,144.9713
ID200479044,13/55 Darling St,2,u,650000.0,4/06/2016,1.0,1.0,0.0,33.0,-37.8344,144.9916
ID812662017,16 Coronation St,3,h,1270000.0,20/05/2017,1.0,1.0,526.0,119.0,-37.7735,144.9445
ID331298055,36 Clinton St,4,h,1630000.0,13/05/2017,2.0,1.0,596.0,69.0,-37.9113,145.0207
ID533384421,48 Tucker Rd,3,h,1045000.0,1/07/2017,1.0,1.0,401.0,49.0,-37.929990000000004,145.04932
ID754311448,2/43 Haines St,2,u,470000.0,7/11/2016,1.0,1.0,0.0,44.0,-37.7988,144.9478
ID175129506,4/13 Glen Valley Rd,1,h,360000.0,12/08/2017,1.0,1.0,76.0,49.0,-37.832209999999996,145.17117
ID929855711,334 Punt Rd,3,h,1800000.0,25/02/2017,2.0,3.0,510.0,119.0,-37.8418,144.986
ID719493331,9/12 Acland St,1,u,452000.0,25/02/2017,1.0,1.0,0.0,6.0,-37.8631,144.9749
ID702859187,2/40 Carrol Gr,3,u,870000.0,24/06/2017,2.0,2.0,264.0,823.0,-37.892509999999994,145.11121
ID422316078,7 Wilks St,3,h,1520000.0,24/06/2017,2.0,2.0,426.0,13.0,-37.86323,145.01428
ID975670293,1/69 Purtell St,3,t,760000.0,3/09/2016,1.0,2.0,287.0,51.0,-37.9261,145.0566
ID919150317,11 Coleman Av,4,h,2000000.0,9/09/2017,1.0,1.0,704.0,28.0,-37.79349000000001,145.04611
ID337226589,23 Longwood Dr,4,h,680000.0,17/06/2017,2.0,2.0,656.0,39.0,-37.63878,145.05577
ID708598140,20 Bryant St,5,h,1550000.0,13/05/2017,1.0,1.0,432.0,104.0,-37.7859,144.9323
ID738765702,37 Roxburgh St,3,h,1306000.0,15/07/2017,1.0,0.0,199.0,119.0,-37.77561,144.91695
ID525053720,7/55 Johnston St,2,u,720000.0,7/05/2016,1.0,1.0,0.0,29.0,-37.8434,144.9435
ID285208276,28 Greendale Rd,3,h,1255000.0,24/06/2017,2.0,2.0,348.0,44.0,-37.79759,145.16422
ID818606289,2/99 Spray St,2,u,570000.0,26/07/2016,1.0,1.0,0.0,79.0,-37.8831,144.9855
ID274249833,2c Hamilton St,3,h,865000.0,22/05/2016,1.0,1.0,180.0,9.0,-37.7802,145.0243
ID501253124,5/8 Swan St,2,t,380000.0,10/09/2016,1.0,1.0,161.0,9.0,-37.7251,144.8621
ID359515160,26 Stymie St,5,h,1250000.0,17/06/2017,3.0,2.0,544.0,79.0,-37.71499,145.02966999999995
ID183587418,37 Eamon Dr,3,h,770000.0,4/06/2016,2.0,2.0,577.0,49.0,-37.7376,145.0895
ID372000180,213/253 Bridge Rd,1,u,370000.0,8/04/2017,1.0,1.0,3512.0,8.0,-37.8183,144.9979
ID772267626,360 Thompsons Rd,4,h,790000.0,8/10/2016,2.0,5.0,671.0,49.0,-37.7631,145.1108
ID396234503,2/143 Smith St,1,u,315000.0,19/11/2016,1.0,1.0,0.0,49.0,-37.7566,144.9893
ID570427689,38 Agnew St,3,h,1710000.0,17/09/2016,3.0,2.0,435.0,104.0,-37.91,145.0113
ID808862123,14 Oakbank St,2,h,896000.0,24/09/2016,1.0,0.0,297.0,119.0,-37.8501,144.8931
ID559485907,44 Silver St,3,h,925000.0,12/08/2017,1.0,2.0,1027.0,39.0,-37.71328,145.14098
ID263311994,8/15 Herbert St,2,u,640000.0,3/12/2016,1.0,1.0,1055.0,49.0,-37.8715,144.9827
ID808066854,5 Margaret St,2,h,1780000.0,7/05/2016,3.0,2.0,635.0,84.0,-37.9205,145.0102
ID609815864,33 Wales St,3,h,1245000.0,18/03/2017,1.0,1.0,409.0,49.0,-37.7633,145.0087
ID442055615,1/10 Callander Rd,2,t,610000.0,22/08/2016,1.0,1.0,169.0,24.0,-37.7186,144.9306
ID879459683,2A Ritchie Ct,2,h,490000.0,4/03/2017,1.0,1.0,322.0,59.0,-37.7876,144.8342
ID881154197,4 Frampton St,2,h,1000000.0,23/09/2017,1.0,1.0,106.0,119.0,-37.861909999999995,144.98655
ID892067943,14 King St,3,h,1300000.0,27/11/2016,1.0,0.0,309.0,129.0,-37.775999999999996,144.9832
ID817603131,5/97 Oshanassy St,2,u,591500.0,17/09/2016,1.0,1.0,0.0,89.0,-37.8004,144.9465
ID232923446,22 Woolcock Av,3,h,1975000.0,16/09/2017,1.0,2.0,676.0,94.0,-37.79546,145.04533
ID705509492,1/41 Elizabeth St,3,u,1025000.0,4/03/2017,2.0,2.0,384.0,20.0,-37.9229,145.0557
ID117507404,33 Dunbarton Dr,4,h,908000.0,29/07/2017,2.0,1.0,815.0,39.0,-37.84839,145.24191000000005
ID977946524,44/100 Commercial Rd,3,u,940000.0,12/08/2017,2.0,3.0,0.0,89.0,-37.8453,144.98487
ID460178091,3/302 Grange Rd,2,u,405000.0,28/08/2016,1.0,1.0,0.0,49.0,-37.9031,145.0444
ID886176442,3/367 Williamstown Rd,2,u,440000.0,8/07/2017,1.0,1.0,100.0,119.0,-37.82356,144.88191
ID645371210,1/47 Bluff Rd,3,t,1215000.0,29/07/2017,2.0,2.0,314.0,59.0,-37.97287,145.01648
ID608964587,10a Farm Rd,2,h,580000.0,12/06/2016,1.0,2.0,428.0,32.0,-37.9249,145.0943
ID147994397,42 Gisborne St,4,h,1140000.0,24/09/2016,2.0,3.0,554.0,21.0,-37.7624,145.0961
ID843500136,16 Flowerdale Rd,5,h,2000000.0,14/05/2016,3.0,1.0,696.0,99.0,-37.8563,145.0709
ID526240748,2 Violet Gr,3,h,1750000.0,17/09/2016,2.0,4.0,611.0,89.0,-37.7997,145.058
ID264606657,35 Bellara St,3,h,1430000.0,19/11/2016,1.0,2.0,811.0,49.0,-37.7927,145.1386
ID447042681,431 Wattletree Rd,3,h,2500000.0,12/08/2017,3.0,3.0,1011.0,94.0,-37.8652,145.05248
ID827786014,21/54 Balston St,1,u,328500.0,8/07/2017,1.0,1.0,0.0,5.0,-37.86874,144.998
ID334634258,10/270 Williams Rd,1,u,350000.0,22/07/2017,1.0,1.0,0.0,49.0,-37.841570000000004,145.00468999999995
ID247493283,2/27 Pakington St,2,u,610000.0,4/03/2017,1.0,1.0,745.0,51.0,-37.8024,145.0346
ID650883853,23 Howitt St,3,h,1400000.0,24/09/2016,1.0,1.0,335.0,109.0,-37.7816,145.0141
ID273567534,15 Rathmines Rd,3,h,2151000.0,3/12/2016,1.0,2.0,780.0,19.0,-37.8198,145.0465
ID765352692,6a Glen Rd,3,h,1662000.0,14/05/2016,2.0,2.0,351.0,13.0,-37.8742,145.07
ID568965210,78 Davison St,5,h,3200000.0,4/03/2017,3.0,3.0,618.0,129.0,-37.8157,145.0073
ID879040883,9/12 Charnwood Rd,2,u,560000.0,10/09/2016,1.0,2.0,1676.0,44.0,-37.8585,144.9852
ID706497478,42 Hunter St,2,h,860000.0,15/10/2016,2.0,0.0,74.0,19.0,-37.8207,145.0053
ID916457358,16b Regent St,3,t,1511000.0,24/09/2016,2.0,2.0,496.0,7.0,-37.9237,145.0075
ID958098728,7A Brunel St,3,t,815000.0,13/05/2017,2.0,2.0,148.0,69.0,-37.8287,144.8705
ID327923288,6 The Woodland,4,h,1678000.0,3/09/2017,2.0,2.0,943.0,49.0,-37.903059999999996,145.18171
ID730525788,1 Sinclair Grn,4,h,695000.0,23/09/2017,2.0,2.0,516.0,19.0,-37.78763,144.75963000000004
ID714977014,1C Baird St,3,h,1750800.0,27/05/2017,4.0,2.0,424.0,7.0,-37.92988,145.01085
ID810794811,54 Pine St,3,h,793000.0,26/07/2016,1.0,2.0,589.0,69.0,-37.7195,144.9982
ID969148622,99 Merton St,3,h,1900000.0,27/05/2017,1.0,1.0,186.0,129.0,-37.84431,144.95532
ID795705838,153 Thompsons Rd,2,h,890000.0,12/11/2016,1.0,2.0,559.0,59.0,-37.7739,145.094
ID187489442,27 Augusta St,5,h,2575000.0,22/08/2016,3.0,2.0,688.0,109.0,-37.8921,145.0381
ID156663851,1 Sneddon Ct,4,h,1100000.0,16/09/2017,2.0,2.0,748.0,23.0,-37.9265,145.19758000000004
ID924549143,7 Motherwell St,4,h,2667000.0,27/11/2016,3.0,2.0,446.0,119.0,-37.8454,144.9989
ID497647811,84 Beachview Pde,4,h,690000.0,15/07/2017,2.0,2.0,540.0,7.0,-37.90715,144.76527
ID556822589,11 Henry St,2,h,677000.0,27/11/2016,1.0,0.0,67.0,169.0,-37.7969,144.9759
ID854384972,18 Zinnia St,3,h,595000.0,6/05/2017,1.0,1.0,490.0,49.0,-37.7152,144.9817
ID666122478,6 Munro St,3,h,1435000.0,8/04/2017,1.0,1.0,450.0,99.0,-37.7756,144.9148
ID578429831,6 Baringa Rd,4,h,835000.0,27/05/2017,1.0,2.0,1717.0,69.0,-37.77595,145.28383
ID546580274,3/10 Greenham St,2,t,520000.0,1/07/2017,1.0,1.0,126.0,10.0,-37.78775,144.87446
ID779038428,2C Ray Rd,3,t,780000.0,27/05/2017,2.0,2.0,306.0,20.0,-37.854729999999996,145.1521
ID128770269,41 Cameron St,3,h,998000.0,7/11/2016,2.0,3.0,479.0,69.0,-37.7271,144.9968
ID614847930,86 Neville St,2,h,896000.0,26/07/2016,1.0,2.0,543.0,49.0,-37.898,145.0528
ID772281189,39 Cuthbert St,4,h,1350000.0,7/11/2016,3.0,2.0,747.0,34.0,-37.7387,144.8827
ID975670293,1/69 Purtell St,3,t,760000.0,3/09/2016,1.0,2.0,287.0,51.0,-37.9261,145.0566
ID530919419,8/99 Verdon St,1,u,310000.0,7/05/2016,1.0,1.0,0.0,51.0,-37.8588,144.8919
ID365884807,25 Cobden St,3,h,1200000.0,13/08/2016,2.0,0.0,113.0,109.0,-37.8346,144.9688
ID526240748,2 Violet Gr,3,h,1750000.0,17/09/2016,2.0,4.0,611.0,89.0,-37.7997,145.058
ID997614164,12/440 Stud Rd,3,u,622000.0,15/07/2017,1.0,1.0,137.0,7.0,-37.87615,145.23192
ID819572827,3/8 Forest St,2,u,560000.0,12/08/2017,1.0,1.0,0.0,44.0,-37.79627,144.99229
ID959126401,47 Cooper St,7,h,1350000.0,29/07/2017,3.0,4.0,530.0,99.0,-37.73526,144.99508
ID956371362,85 Martins La,4,h,920250.0,4/03/2017,2.0,2.0,558.0,49.0,-37.7328,145.0916
ID579452288,125/33 Jeffcott St,2,u,670000.0,8/07/2017,1.0,1.0,17.0,23.0,-37.8118,144.95259
ID141722896,1 Gordon Ct,3,h,737000.0,8/10/2016,1.0,4.0,640.0,69.0,-37.6986,144.9243
ID645371210,1/47 Bluff Rd,3,t,1215000.0,29/07/2017,2.0,2.0,314.0,59.0,-37.97287,145.01648
ID121565906,42 Glenair St,3,h,982000.0,18/06/2016,2.0,2.0,652.0,59.0,-37.7629,145.1157
ID588674101,5/6 Tivoli Pl,2,u,863000.0,4/03/2017,2.0,1.0,742.0,69.0,-37.8357,144.9867
ID719493331,9/12 Acland St,1,u,452000.0,25/02/2017,1.0,1.0,0.0,6.0,-37.8631,144.9749
ID890226834,1/13 Maidstone St,2,h,633000.0,8/07/2017,1.0,2.0,123.0,14.0,-37.82223,145.22503999999995
ID195198670,23 Duffy St,4,h,1180000.0,25/02/2017,3.0,2.0,688.0,59.0,-37.7713,144.8937
ID870756479,71 Hamilton Rd,5,h,1355000.0,23/09/2017,3.0,5.0,44500.0,74.0,-37.453920000000004,144.58864
ID629166343,2/22 Looker Rd,3,t,820000.0,15/07/2017,2.0,2.0,260.0,9.0,-37.72394,145.12456
