,ID,Address,Suburb,Price,Type,Date,Rooms,Bathroom,Car,Landsize,Age,Latitude,Longtitude,train_station_id,distance_to_train_station,travel_min_to_CBD,over_priced?,crime_A_average,crime_B_average,crime_C_average
0,ID195198670,23 Duffy St,MARIBYRNONG,1180000,h,25/02/2017,4,3,2,688,59,-37.7713,144.8937,20038,2325,12.07692308,-1,717,1763,318
1,ID426935414,73 Westbourne Gr,NORTHCOTE,1550000,h,15/07/2017,3,2,2,422,69,-37.77348,144.99206,20016,492,22.72727273,-1,142,344,39
2,ID924392942,19 Charles St,NORTHCOTE,1360000,h,23/09/2017,3,2,1,184,109,-37.77651,144.99074,20017,246,21.72727273,-1,142,344,39
3,ID781852666,283 Tyler St,PRESTON,928000,h,18/03/2017,3,2,1,0,69,-37.7307,145.0097,20011,661,31.6,-1,705,5479,335
4,ID345928500,8/211 Edwardes St,RESERVOIR,336000,u,3/12/2016,2,1,1,99,49,-37.7166,144.9911,20010,1400,33.38461538,-1,824,1890,159
5,ID317414938,2b Rice St,MOORABBIN,910000,t,12/11/2016,3,2,2,312,19,-37.9412,145.0491,19872,1024,38.5,-1,71,261,20
6,ID171719689,8/102 Cross St,WEST FOOTSCRAY,480000,u,3/6/2017,2,1,1,1157,99,-37.80029,144.87859,20023,616,11,-1,298,735,154
7,ID769666978,1/22 Rathmines St,FAIRFIELD,667000,u,17/06/2017,2,1,1,86,10,-37.78203,145.01508,19930,356,24,-1,330,1855,82
8,ID826546296,8 Gordon Pde,YARRAVILLE,990000,h,6/5/2017,3,1,2,340,79,-37.8227,144.8827,19995,928,15.18181818,0,817,1779,181
9,ID679739347,118 Rowans Rd,MOORABBIN,901000,h,16/07/2016,3,2,3,558,64,-37.9435,145.0522,19872,1060,38.5,-1,71,261,20
10,ID776930874,129 Hambleton St,MIDDLE PARK,1630000,h,29/04/2017,3,1,0,143,119,-37.8484,144.963,19958,2364,20,-1,313,545,65
11,ID271480181,4/129 Mountain View Rd,BRIAR HILL,625000,t,19/08/2017,2,2,1,189,13,-37.70835,145.11795,19986,835,47,-1,59,124,5
12,ID361482205,48 Gordon St,FAIRFIELD,1510000,h,28/05/2016,3,1,1,453,49,-37.7772,145.0232,19930,596,24,-1,334,1407,88
13,ID404594744,302/34 Union St,BRUNSWICK,1180000,u,27/11/2016,2,1,1,0,9,-37.7738,144.9585,19969,134,12,-1,703,1502,135
14,ID143752726,74 Bridport St,ALBERT PARK,2800000,h,30/07/2016,3,3,1,0,129,-37.8399,144.9577,20043,2443,0,-1,1202,5034,333
15,ID307578621,7 Huxley Ct,BAYSWATER,1030000,h,24/06/2017,4,2,2,1094,49,-37.85757,145.2615,19870,1857,51,-1,97,233,26
16,ID357469763,21 Eden St,HEIDELBERG HEIGHTS,650000,h,12/8/2017,2,1,0,683,21,-37.75022,145.04778,19935,1368,32.25,-1,1173,8523,974
17,ID194053751,3/40 Rowland St,KEW,891000,u,28/05/2016,2,1,1,121,10,-37.8126,145.0534,19903,1277,19.66666667,-1,271,771,74
18,ID720446462,166 Gordon St,BALWYN,2100000,h,3/9/2016,2,1,1,659,99,-37.8094,145.0807,19893,1680,23.66666667,-1,925,4701,308
19,ID522119116,305/28 Burnley St,RICHMOND,327000,u,7/11/2016,1,1,1,0,7,-37.8127,145.0094,19977,1508,12,-1,824,1890,159
20,ID862804056,107/480 Albion St,BRUNSWICK WEST,400500,u,11/2/2017,2,1,1,0,6,-37.7582,144.94,19967,1852,15,-1,941,5813,575
21,ID837932520,13 Brockley Rd,FAWKNER,1010000,h,28/05/2016,4,2,2,607,4,-37.716,144.9663,19962,530,25,-1,1144,6845,375
22,ID303975081,1/236 Patterson Rd,BENTLEIGH,875000,u,3/9/2016,3,1,2,348,69,-37.9273,145.0479,19938,1117,35.08333333,-1,925,4701,308
23,ID539700737,202b Edward St,BRUNSWICK EAST,1170000,h,15/10/2016,3,2,0,185,21,-37.7755,144.9744,19969,1381,12,-1,703,1502,135
24,ID202907977,20 Austral Av,PRESTON,1485000,h,29/07/2017,4,1,2,509,99,-37.74684,144.9933,20013,620,28.6,-1,705,5479,335
25,ID955498557,23 Gardner St,RICHMOND,1012000,t,27/06/2016,3,2,1,80,59,-37.8155,145.0061,19978,1292,10,-1,824,1890,159
26,ID908040229,19 Athenry Tce,TEMPLESTOWE,1280000,h,8/7/2017,3,2,2,926,11,-37.75091,145.16761,19987,4509,51,-1,281,524,75
27,ID967501110,309/416 Gore St,FITZROY,790000,u,22/08/2016,2,1,1,0,19,-37.7967,144.9836,19975,993,15,-1,1923,8979,620
28,ID260809071,92 Glenroy Rd,GLENROY,750000,h,3/6/2017,4,2,3,659,39,-37.70619,144.92916,20032,1068,25.08333333,-1,1841,9184,533
29,ID999881268,3 Ponsford Pl,SUNBURY,605000,h,23/09/2017,4,2,2,738,19,-37.58457,144.70005,15351,2482,45.16666667,-1,1479,4398,502
30,ID556149726,3 Lyall Dr,WERRIBEE,490000,h,3/6/2017,3,2,4,1022,14,-37.90811,144.64373,19921,1810,36.4,-1,98,190,19
31,ID226735836,13/68 Kororoit Creek Rd,WILLIAMSTOWN NORTH,367500,u,24/09/2016,2,1,1,0,49,-37.8571,144.8841,19993,438,19.2,-1,1002,4068,328
32,ID705006480,27 Westbourne St,PRAHRAN,1442000,h,30/07/2016,3,1,2,199,119,-37.8494,145.005,19947,591,16.83333333,-1,659,5219,338
33,ID119431392,8 Thomas St,BRIGHTON EAST,1310000,h,24/09/2016,2,3,2,302,1,-37.9182,145.0231,19939,1223,33.08333333,-1,2744,10289,780
34,ID413137922,7/27 High St,MONT ALBERT,1310000,t,15/10/2016,3,2,2,330,18,-37.8167,145.107,19896,330,29.66666667,-1,278,489,65
35,ID398647404,33 Edwardes St,RESERVOIR,810000,h,25/02/2017,3,2,3,486,5,-37.7164,145.0048,20010,201,33.38461538,-1,885,1901,227
36,ID991003299,82/390 Toorak Rd,SOUTH YARRA,1072000,u,13/08/2016,3,0,0,0,49,-37.8407,145.0043,19947,473,16.83333333,-1,1100,3636,457
37,ID921722818,18 Davis St,COBURG,1055000,h,3/9/2017,4,1,1,560,29,-37.74192,144.95097,19965,1090,19,-1,1097,5916,553
38,ID369203550,99 Murray Rd,PRESTON,900000,h,12/11/2016,3,1,1,527,69,-37.7396,145.0174,20012,1489,29.42857143,-1,659,5219,338
39,ID613312198,8/192 Cecil St,SOUTH MELBOURNE,460000,u,8/4/2017,1,1,1,0,49,-37.8344,144.9581,20043,1854,0,-1,1245,3886,447
40,ID722769957,9/126 Atherton Rd,OAKLEIGH,665000,u,30/07/2016,3,1,1,112,4,-37.9008,145.098,19917,853,28,-1,898,6529,480
41,ID275422291,15 Carnon St,GREENSBOROUGH,895000,h,24/06/2017,3,2,2,1036,65,-37.69538,145.11543,19985,1145,44.2,-1,663,4010,377
42,ID555813173,4/16 Repton Rd,MALVERN EAST,480000,u,22/05/2016,2,1,1,0,49,-37.8811,145.0524,19920,789,21.90909091,-1,610,1743,228
43,ID788873431,40 Waratah St,BENTLEIGH EAST,950000,t,18/03/2017,4,2,1,450,79,-37.9133,145.0837,19917,1495,28,-1,959,4476,324
44,ID177813401,22A Mernda Av,CARNEGIE,1508000,h,16/09/2017,3,2,2,338,8,-37.89235,145.04954,19942,706,26.92307692,-1,3767,18925,2042
45,ID500364555,2/16 Stapley Cr,ALTONA NORTH,510000,h,22/07/2017,2,1,1,170,18,-37.83658,144.86199,19994,2019,16.625,-1,2494,11307,1410
46,ID381721707,66 Durham Rd,SURREY HILLS,1455000,h,10/12/2016,4,2,1,494,89,-37.8317,145.0901,19894,834,25.66666667,-1,2403,5212,586
47,ID302654916,1 Baird St,FAWKNER,687000,h,20/05/2017,3,2,1,577,12,-37.7071,144.9706,19962,1219,25,-1,1253,7401,484
48,ID497897307,6/219 Nicholson St,ABBOTSFORD,500000,u,18/06/2016,2,1,1,0,49,-37.8015,144.9972,19975,356,15,-1,1202,5034,333
49,ID636988895,19/877 Punt Rd,SOUTH YARRA,360000,u,12/11/2016,1,1,1,0,49,-37.8339,144.9872,19959,679,13.86666667,-1,1100,3636,457
50,ID818801682,7 Kinnoull Gr,GLEN WAVERLEY,2650000,h,17/06/2017,5,3,2,662,59,-37.87853,145.15542,19874,558,39.14285714,-1,56,98,19
51,ID851699710,36 Primrose St,MOONEE PONDS,1065000,h,10/12/2016,3,1,1,395,109,-37.7593,144.9276,20038,1030,12.07692308,-1,278,489,65
52,ID894404668,10/81 Koornang Rd,CARNEGIE,662000,u,17/09/2016,2,2,1,0,49,-37.8873,145.0572,19920,169,21.90909091,-1,3703,18944,2039
53,ID693273713,7 Valdemar Ct,BRIGHTON EAST,1447000,h,25/02/2017,4,1,2,590,20,-37.9286,145.0274,19938,806,35.08333333,-1,2897,11243,942
54,ID443170593,3 Diosma Ct,FRANKSTON SOUTH,1155000,h,26/08/2017,3,2,2,2405,39,-38.16457,145.12421,19855,2408,72.2,-1,517,2973,288
55,ID542955178,702/127 Beach St,PORT MELBOURNE,1252000,u,24/09/2016,2,1,2,0,13,-37.8399,144.9287,22180,3157,0,-1,659,5219,338
56,ID236447604,52 Spicer Bvd,ALTONA MEADOWS,750000,h,23/09/2017,4,2,2,636,23,-37.87941,144.76935,19924,1611,26,-1,990,3070,411
57,ID236188219,3/30 Grosvenor St,BRIGHTON,2550000,h,29/04/2017,4,3,2,263,14,-37.9099,144.9899,19951,810,33,0,2897,11243,942
58,ID552076471,15 Alberta St,WEST FOOTSCRAY,845000,h,1/7/2017,3,1,2,422,69,-37.79644,144.86388,20022,324,14,-1,298,735,154
59,ID361568261,66 Springvale Rd,NUNAWADING,1060000,h,17/06/2017,5,3,2,766,49,-37.81113,145.17681,19899,1068,36.66666667,-1,938,6892,553
60,ID134781759,18 Lorraine St,ESSENDON,2355000,h,25/02/2017,4,2,3,715,99,-37.7582,144.9128,20037,386,14.08333333,-1,1253,7401,484
61,ID794259416,20 Kent St,ASCOT VALE,920000,h,15/07/2017,2,2,0,234,109,-37.78052,144.93002,20040,763,8.076923077,-1,2494,11307,1410
62,ID364323377,2/13 Fenacre St,STRATHMORE,622500,h,16/07/2016,3,2,2,254,15,-37.7302,144.9167,20034,1014,20.08333333,-1,888,2196,181
63,ID111396233,3/11 Ormond Rd,ORMOND,410000,u,26/07/2016,2,1,1,0,49,-37.903,145.0452,19941,491,30.08333333,0,268,736,128
64,ID628809045,1/124 Cuthbert St,BROADMEADOWS,465000,t,1/7/2017,3,2,3,248,9,-37.68358,144.92387,20030,380,29.08333333,-1,684,1695,161
65,ID476390265,52a Florence St,WILLIAMSTOWN NORTH,1190000,h,16/09/2017,3,2,2,297,14,-37.85537,144.87578,19993,1188,19.2,-1,1064,4200,432
66,ID491006093,10/38 Kensington Rd,SOUTH YARRA,555000,u,29/07/2017,1,1,1,0,54,-37.83631,145.00181,19959,866,13.86666667,-1,1245,3886,447
67,ID724058600,9/21 Doncaster East Rd,MITCHAM,973000,t,12/8/2017,3,2,2,323,7,-37.8099,145.19506,19900,943,38.66666667,-1,1471,7759,779
68,ID918967352,24 McIntosh St,SUNSHINE,571000,h,22/05/2016,3,1,2,589,59,-37.7856,144.8177,20004,1078,20.11111111,-1,2403,5212,586
69,ID972062675,5 Charles St,SUNSHINE NORTH,705000,h,25/02/2017,4,2,1,570,79,-37.7749,144.8329,20004,784,20.11111111,-1,1412,6364,699
70,ID147802158,5 Saunders St,COBURG,1150000,h,28/05/2016,4,1,2,633,29,-37.7531,144.9504,19966,1017,17,-1,1071,5783,419
71,ID611755507,37 Thompson St,ORMOND,1715000,h,3/12/2016,4,2,2,705,97,-37.9035,145.028,19941,1021,30.08333333,-1,268,736,128
72,ID661890608,1411 Dandenong Rd,MALVERN EAST,1290000,h,13/05/2017,4,2,2,395,109,-37.8914,145.0842,19918,695,26,-1,717,1763,318
73,ID704891146,5/14 Devon Rd,PASCOE VALE,500000,t,3/9/2017,2,2,1,74,8,-37.72184,144.92969,20033,840,23.08333333,-1,705,5479,335
74,ID265455575,82 Highett Rd,HAMPTON,1615000,h,6/5/2017,3,1,2,681,59,-37.9462,145.0193,19948,1373,42,-1,235,506,74
75,ID839893933,1/204 Brougham St,KEW,800000,t,12/11/2016,3,2,2,848,49,-37.796,145.0324,19931,1962,26,-1,271,771,74
76,ID349538438,17 Hampshire Rd,SUNSHINE,702000,h,10/9/2016,3,1,1,542,69,-37.7949,144.8303,22241,744,12.09090909,-1,2403,5212,586
77,ID437713580,1 Meagher St,WATSONIA,741000,h,12/11/2016,3,1,1,671,59,-37.7072,145.0855,19984,445,39.8,-1,244,484,61
78,ID156780269,6 Middlesex St,SUNSHINE NORTH,808000,h,10/12/2016,3,1,2,692,59,-37.771,144.8428,20004,1756,20.11111111,0,1363,6287,564
79,ID927957687,5 Florence St,BRIGHTON EAST,1495000,h,4/6/2016,4,2,2,597,79,-37.9179,145.019,19939,1581,33.08333333,-1,2744,10289,780
80,ID147441613,33 McCarron Pde,ESSENDON,1635000,h,15/10/2016,4,1,2,638,119,-37.7523,144.9052,20037,1052,14.08333333,-1,1144,6845,375
81,ID449058465,1906/229 Toorak Rd,SOUTH YARRA,402000,u,3/12/2016,1,1,1,0,6,-37.8392,144.9947,19959,223,13.86666667,-1,1100,3636,457
82,ID678844099,22 Yongala St,BALWYN,2250000,h,3/12/2016,5,3,2,600,13,-37.8061,145.0801,19893,2049,23.66666667,-1,925,4701,308
83,ID397521617,6 Mattea Ct,RESERVOIR,672000,u,27/06/2016,3,1,2,855,7,-37.7328,145.0348,20011,2862,31.6,-1,824,1890,159
84,ID219087535,6/13 Alexander St,COLLINGWOOD,365000,u,15/07/2017,1,1,0,0,59,-37.79597,144.99108,19975,462,15,-1,1097,5916,553
85,ID306179466,26 Bardia St,HEIDELBERG WEST,735000,h,22/07/2017,2,1,4,600,69,-37.74798,145.03765,19934,2253,31,-1,1173,8523,974
86,ID724937133,41 Cameron St,RICHMOND,1320000,h,24/09/2016,3,2,2,171,129,-37.8166,144.9987,19978,666,10,-1,824,1890,159
87,ID291674135,76 Newry St,FITZROY NORTH,1116000,h,3/9/2016,2,1,0,152,109,-37.791,144.9809,19974,1303,17.84615385,-1,1923,8979,620
88,ID206856144,4/22 Newcastle St,PRESTON,485000,u,14/05/2016,2,1,1,117,54,-37.7514,145.0118,20013,1214,28.6,-1,659,5219,338
89,ID963093955,2/125 Fosters Rd,KEILOR PARK,455000,u,27/06/2016,3,1,1,166,20,-37.7169,144.8582,20032,5377,25.08333333,-1,922,5201,296
90,ID972149171,7 Alfred Pl,WILLIAMSTOWN,1200000,h,8/7/2017,3,2,0,159,49,-37.85843,144.89976,19992,773,21.2,-1,1064,4200,432
91,ID495165769,7/5 Alfriston St,ELWOOD,680000,u,27/11/2016,2,1,1,0,59,-37.8753,144.9902,19955,448,25,0,1566,8895,491
92,ID599320965,115 Derby St,PASCOE VALE,800000,h,8/4/2017,4,1,1,593,49,-37.7278,144.9463,19963,1527,23,-1,705,5479,335
93,ID943202197,1/54 Liddiard St,HAWTHORN,440000,u,6/5/2017,1,1,1,0,59,-37.8194,145.0397,19904,368,16.57142857,-1,1253,7401,484
94,ID534501260,3 Hampshire Rd,DONCASTER,1120000,h,17/06/2017,4,2,2,280,11,-37.79423,145.13696,19897,2974,32.75,-1,3327,11071,1069
95,ID651337636,2/71 Roslyn St,BRIGHTON,1630000,t,25/02/2017,4,2,2,432,19,-37.9228,145.0022,19951,998,33,-1,2897,11243,942
96,ID252109388,22 Cavanagh St,CHELTENHAM,1740000,h,29/07/2017,4,2,2,721,9,-37.9641,145.06547,19866,999,42.5,-1,1288,4242,480
97,ID728000459,53 Mary St,KEW,1410000,h,26/07/2016,3,2,1,442,27,-37.8046,145.0382,19904,1884,16.57142857,-1,271,771,74
98,ID399219140,370 McKinnon Rd,BENTLEIGH EAST,1630000,h,25/02/2017,2,1,2,724,69,-37.9135,145.0557,19940,1569,31.08333333,-1,959,4476,324
99,ID912894273,2 Michael Ct,NIDDRIE,840000,t,15/10/2016,3,2,2,374,29,-37.7445,144.8834,20037,3158,14.08333333,-1,71,261,20
100,ID469613433,2/21 Lillimur Rd,ORMOND,454000,u,1/7/2017,1,1,1,1006,9,-37.90164,145.04139,19941,234,30.08333333,-1,298,735,154
101,ID757523106,9/56 Leicester St,FITZROY,710000,t,27/06/2016,2,1,1,0,17,-37.7953,144.9775,19975,1552,15,-1,1923,8979,620
102,ID837676687,3 Oshannassy St,ESSENDON NORTH,1580000,h,4/6/2016,3,2,2,758,44,-37.7401,144.9013,20036,1901,16.08333333,-1,334,1407,88
103,ID541100817,42 Studley Ct,DONCASTER,1460000,h,18/06/2016,4,2,2,840,49,-37.78,145.1145,20042,4408,30.75,-1,3081,9924,906
104,ID199562653,2/16 Beaver St,MALVERN EAST,1370000,t,22/08/2016,3,2,2,323,49,-37.8704,145.0411,19943,796,22.11538462,-1,610,1743,228
105,ID803185065,35 Athol St,MOONEE PONDS,1425000,h,22/05/2016,3,1,1,526,119,-37.7701,144.9172,20038,519,12.07692308,0,278,489,65
106,ID756469973,19 Belson St,MALVERN EAST,2800000,h,12/11/2016,4,2,3,809,94,-37.8664,145.0452,19943,1253,22.11538462,-1,610,1743,228
107,ID725612941,62 Butler St,RICHMOND,860000,h,20/05/2017,2,1,0,111,119,-37.8108,144.9955,19977,268,12,-1,885,1901,227
108,ID190906802,6 Parkside Av,BOX HILL,1820000,h,3/9/2017,2,1,2,701,79,-37.82756,145.11897,20042,953,30.75,-1,2897,11243,942
109,ID395072397,10 The Loop,HADFIELD,880000,h,22/04/2017,4,3,2,530,59,-37.7058,144.9431,19961,1502,27,-1,1841,9184,533
110,ID650639268,6/137 Hickford St,RESERVOIR,530000,t,8/10/2016,3,2,1,229,11,-37.7036,145.0145,20009,649,35.55555556,-1,824,1890,159
111,ID530919419,8/99 Verdon St,WILLIAMSTOWN,310000,u,7/5/2016,1,1,1,0,51,-37.8588,144.8919,19993,298,19.2,-1,1002,4068,328
112,ID458482999,75 Canterbury Rd,BLACKBURN,1112000,h,17/06/2017,3,1,3,632,49,-37.83107,145.14343,19897,1170,32.75,-1,990,3070,411
113,ID718637370,35 Lindenow St,MAIDSTONE,876000,h,8/7/2017,3,1,2,420,2,-37.77915,144.88137,20023,2546,11,-1,717,1763,318
114,ID225251631,16 Bailey Av,ARMADALE,4060000,h,26/08/2017,4,2,1,574,109,-37.86325,145.02422,19944,557,21.90909091,-1,2494,11307,1410
115,ID130867206,2/22 Severn St,BALWYN NORTH,1137000,t,19/11/2016,3,2,2,349,69,-37.7955,145.0694,19892,3385,21.66666667,-1,925,4701,308
116,ID176843567,4/43 Clifton Rd,HAWTHORN EAST,706000,u,22/08/2016,2,1,1,172,59,-37.8437,145.0536,19912,1080,22,-1,1144,6845,375
117,ID254653124,14 Avon St,MOORABBIN,987000,h,10/9/2016,3,1,1,603,59,-37.9404,145.0464,19872,978,38.5,-1,71,261,20
118,ID297579704,2/32 Wilson Rd,GLEN WAVERLEY,1000000,u,22/07/2017,3,2,2,365,23,-37.88599,145.17031,19873,1023,42.14285714,-1,56,98,19
119,ID776088979,8 Agg St,NEWPORT,993000,h,22/05/2016,3,2,2,348,119,-37.8435,144.8788,19994,431,16.625,-1,71,261,20
120,ID640893424,56 Cecil St,KEW,2350000,h,17/09/2016,4,2,2,861,36,-37.8047,145.0534,19903,2079,19.66666667,-1,271,771,74
121,ID204423225,10 Yarrabin St,BRUNSWICK WEST,810000,h,7/11/2016,3,1,2,349,69,-37.7589,144.9368,20038,1727,12.07692308,-1,958,5673,628
122,ID977845072,394 Manningham Rd,DONCASTER,1202000,h,27/11/2016,3,2,2,649,54,-37.7794,145.1224,20042,4434,30.75,-1,3081,9924,906
123,ID986331180,4/1508 Malvern Rd,GLEN IRIS,955000,t,29/07/2017,2,1,1,197,49,-37.85448,145.0485,19912,308,22,-1,2047,9171,742
124,ID588283979,16 Milford St,NEWPORT,760000,h,28/08/2016,2,1,2,255,89,-37.8469,144.8766,19994,772,16.625,-1,71,261,20
125,ID297949095,29/100 Commercial Rd,SOUTH YARRA,750000,u,4/6/2016,3,2,2,0,15,-37.8453,144.9849,19958,641,20,-1,1100,3636,457
126,ID903569510,1/10 Scotia St,MOONEE PONDS,675000,u,8/10/2016,2,1,1,206,104,-37.7694,144.9059,20038,1237,12.07692308,-1,278,489,65
127,ID765549497,85 Waimarie Dr,MOUNT WAVERLEY,1728000,h,17/06/2017,4,3,2,720,59,-37.87833,145.13731,19875,882,36.14285714,-1,1471,7759,779
128,ID292617104,4/5 Gnarwyn Rd,CARNEGIE,330000,u,22/04/2017,1,1,1,0,59,-37.8944,145.0616,19919,690,23.90909091,-1,3767,18925,2042
129,ID259875284,37 Lewis St,ORMOND,1770000,h,10/9/2016,3,2,2,667,69,-37.9088,145.0471,19940,791,31.08333333,-1,268,736,128
130,ID651755858,139 Victoria St,FLEMINGTON,1340000,h,24/06/2017,4,2,1,302,91,-37.7845,144.93582,19971,509,8,-1,2047,9171,742
131,ID794186364,36 Westgate St,OAKLEIGH,1205000,h,13/05/2017,3,2,1,570,64,-37.9066,145.0869,19917,704,28,-1,938,6892,553
132,ID174057767,58 Waverley St,ABERFELDIE,840000,h,18/03/2017,2,1,1,373,49,-37.7604,144.9062,20037,1006,14.08333333,-1,817,1779,181
133,ID959126401,47 Cooper St,PRESTON,1350000,h,29/07/2017,7,3,4,530,99,-37.73526,144.99508,20012,612,29.42857143,-1,705,5479,335
134,ID558010850,4 Pershore Ct,WESTMEADOWS,635000,h,29/07/2017,3,2,1,691,44,-37.68026,144.88468,20030,3093,29.08333333,-1,98,190,19
135,ID707058048,16 Blenheim Rd,NEWPORT,1176000,h,18/06/2016,3,1,2,767,59,-37.8466,144.8636,19994,1810,16.625,-1,71,261,20
136,ID982554857,132 The Parade,ASCOT VALE,985000,h,3/9/2017,3,1,1,245,74,-37.77215,144.91144,20039,979,10.07692308,-1,2494,11307,1410
137,ID326541072,7 Danthonia St,COBURG NORTH,850000,h,3/6/2017,4,2,2,300,39,-37.7296,144.97988,19964,1562,21,-1,1097,5916,553
138,ID692823259,111 Derby St,PASCOE VALE,876000,h,27/05/2017,3,1,2,525,59,-37.72803,144.94624,19963,1544,23,-1,705,5479,335
139,ID589738327,127 Tucker Rd,BENTLEIGH,1260000,h,4/3/2017,4,2,2,793,19,-37.9232,145.0502,19938,1312,35.08333333,-1,959,4476,324
140,ID577819778,46 Osborne Rd,NORTH WARRANDYTE,1550000,h,24/06/2017,5,3,4,4221,39,-37.73371,145.24045,19878,7726,0,-1,251,768,83
141,ID844843794,19 Denver St,BENTLEIGH EAST,1275000,h,3/12/2016,5,2,2,683,59,-37.9333,145.0602,19937,2063,37.09090909,-1,925,4701,308
142,ID141146284,1 Sheppard Ct,ALTONA MEADOWS,810000,h,12/8/2017,4,2,2,749,30,-37.88413,144.79033,19923,2756,27.66666667,0,990,3070,411
143,ID507318008,22 Bushlark Cr,WILLIAMS LANDING,555000,h,16/09/2017,3,2,2,265,5,-37.85504,144.73516,46468,1972,28,-1,98,190,19
144,ID148737963,2/59 Moonya Rd,CARNEGIE,920000,u,17/09/2016,3,2,1,283,14,-37.8974,145.0622,19919,922,23.90909091,-1,3703,18944,2039
145,ID771269286,22 Neville St,CARNEGIE,1880000,h,26/07/2016,4,2,3,932,49,-37.8975,145.0478,19941,960,30.08333333,-1,3703,18944,2039
146,ID680234106,5 Charles St,ABBOTSFORD,1465000,h,4/3/2017,3,2,0,134,119,-37.8093,144.9944,19977,207,12,-1,1214,5603,375
147,ID767031000,6 Dallas St,MENTONE,900000,h,12/8/2017,3,1,2,585,14,-37.98137,145.0918,19864,1882,47,-1,50,68,12
148,ID461633938,72 Bayswater Rd,KENSINGTON,1271000,h,7/5/2016,3,1,1,284,119,-37.7938,144.9228,20041,679,6.076923077,0,271,771,74
149,ID406478036,61 Soudan St,COBURG,1157000,h,3/6/2017,3,1,1,480,89,-37.73894,144.95067,19965,1178,19,-1,1097,5916,553
150,ID223224870,10 Dundalk St,SUNSHINE,651500,h,8/4/2017,3,1,1,555,69,-37.7988,144.822,22241,1490,12.09090909,-1,2532,5455,713
151,ID816777200,22 Avenue Rd,CAMBERWELL,1175000,h,27/11/2016,2,1,1,246,59,-37.8336,145.0612,19852,778,24.5,0,3703,18944,2039
152,ID968391602,50 Newcastle St,PRESTON,1050000,h,17/06/2017,2,1,1,688,129,-37.74847,145.01193,20013,1086,28.6,-1,705,5479,335
153,ID987840029,8a Glengala Rd,SUNSHINE WEST,622500,h,24/09/2016,3,1,1,534,49,-37.7887,144.8231,22241,860,12.09090909,0,2403,5212,586
154,ID771067787,126 Smith St,THORNBURY,1380000,h,28/08/2016,3,2,1,359,99,-37.7565,144.9906,20014,720,26.6,-1,2403,5212,586
155,ID600352216,14 Baker St,SUNSHINE,760000,h,8/4/2017,4,1,5,650,69,-37.7867,144.8437,22241,974,12.09090909,-1,2532,5455,713
156,ID752943630,1/316 Tucker Rd,ORMOND,758000,h,4/3/2017,2,1,1,250,59,-37.9063,145.0535,19941,1267,30.08333333,-1,298,735,154
157,ID225949006,1/569 Camberwell Rd,CAMBERWELL,950000,h,4/6/2016,2,1,2,230,25,-37.8448,145.0723,19850,301,27.5,-1,3703,18944,2039
158,ID882835428,4/31 Cooper St,ESSENDON,707000,u,22/04/2017,2,1,1,179,5,-37.7514,144.8966,20037,1800,14.08333333,0,1253,7401,484
159,ID237895635,12 Brookland Ct,MULGRAVE,1080000,h,23/09/2017,4,2,2,914,39,-37.93173,145.19475,19891,3932,39.5,-1,394,1153,165
160,ID121565906,42 Glenair St,TEMPLESTOWE LOWER,982000,h,18/06/2016,3,2,2,652,59,-37.7629,145.1157,19935,4885,32.25,-1,2403,5212,586
161,ID547119478,4 Selby Ct,CROYDON NORTH,857000,h,3/9/2017,3,2,1,1007,39,-37.76653,145.29163,19877,2730,0,-1,84,371,13
162,ID195619794,13/27 Patterson Rd,BENTLEIGH,650000,u,10/12/2016,2,1,1,116,59,-37.9245,145.0336,19938,179,35.08333333,-1,925,4701,308
163,ID639939112,15 Miles St,BENTLEIGH,1100000,h,4/6/2016,3,2,2,0,94,-37.922,145.0302,19938,581,35.08333333,-1,925,4701,308
164,ID799562719,5 Donne St,COBURG,1090000,h,12/11/2016,3,1,1,464,59,-37.753,144.9485,19966,1184,17,0,1071,5783,419
165,ID196759044,1/57 Brooks St,BENTLEIGH EAST,780000,h,17/09/2016,3,2,2,421,69,-37.9168,145.0809,19917,1941,28,-1,925,4701,308
166,ID695603164,5/18 Marine Pde,ST KILDA,602000,u,3/12/2016,2,1,0,0,89,-37.8707,144.9765,19956,1501,23,-1,1363,6287,564
167,ID702658265,115 Bignell Rd,BENTLEIGH EAST,1160000,h,30/07/2016,2,1,2,750,14,-37.9325,145.0694,19937,2875,37.09090909,-1,925,4701,308
168,ID218280940,46 Karma Av,MALVERN EAST,2030000,h,19/08/2017,3,2,2,660,79,-37.87939,145.0656,19838,431,28,-1,717,1763,318
169,ID772261910,421 Rae St,FITZROY NORTH,1283000,h,28/08/2016,2,1,2,204,39,-37.7824,144.9801,20019,1087,19.72727273,-1,1923,8979,620
170,ID808297969,6 Alandale St,SURREY HILLS,1150000,h,17/09/2016,3,2,1,247,14,-37.836,145.1046,19895,1415,27.66666667,-1,2403,5212,586
171,ID797223168,44 Daley St,GLENROY,572000,h,10/12/2016,3,1,2,627,59,-37.6974,144.9326,20031,1497,27.08333333,-1,1683,8938,509
172,ID548496471,129 View St,GLENROY,643000,h,20/05/2017,3,1,2,674,69,-37.6957,144.9231,20031,642,27.08333333,-1,1841,9184,533
173,ID823866120,4/15 Stapley Cr,ALTONA NORTH,451500,u,15/07/2017,3,1,1,180,54,-37.83648,144.86296,19994,1943,16.625,-1,2494,11307,1410
174,ID572706822,39 Kiewa St,DONCASTER,1542000,h,8/4/2017,3,2,2,980,39,-37.7883,145.1387,19897,3620,32.75,-1,3327,11071,1069
175,ID436837013,2/42 Gowrie St,BENTLEIGH EAST,930000,h,27/11/2016,3,2,2,258,12,-37.9162,145.0799,19917,1910,28,0,925,4701,308
176,ID755980195,23 Surrey St,HADFIELD,545000,h,14/05/2016,2,1,3,591,59,-37.7128,144.9471,19962,1201,25,-1,1683,8938,509
177,ID663600484,1d Bute St,MURRUMBEENA,975000,u,7/5/2016,3,2,1,277,44,-37.8936,145.0709,19919,489,23.90909091,-1,268,736,128
178,ID597980652,101 The Fairway,KINGSBURY,800001,h,3/6/2017,4,1,2,467,49,-37.7126,145.02996,20009,1875,35.55555556,-1,92,260,36
179,ID995225989,7 Londrew Ct,TULLAMARINE,540000,h,26/08/2017,3,1,1,607,49,-37.69423,144.88002,20031,3158,27.08333333,-1,256,511,54
180,ID190901410,6/267 Rossmoyne St,THORNBURY,571750,u,18/06/2016,2,1,1,0,7,-37.7588,145.0179,20014,1752,26.6,-1,2403,5212,586
181,ID916600157,15 Metcalf Wy,POINT COOK,698000,h,15/07/2017,4,2,2,448,7,-37.8914,144.72014,19922,1913,32.66666667,0,1609,6840,525
182,ID613426655,30 Chapman St,SUNSHINE,890000,h,25/02/2017,3,1,1,668,89,-37.7943,144.8319,22241,647,12.09090909,0,2532,5455,713
183,ID175129506,4/13 Glen Valley Rd,FOREST HILL,360000,h,12/8/2017,1,1,1,76,49,-37.83221,145.17117,19899,1333,36.66666667,-1,2006,7754,1051
184,ID867559721,55 Albion Rd,BOX HILL,1600000,h,16/04/2016,4,2,1,692,129,-37.8247,145.1281,20042,846,30.75,-1,2744,10289,780
185,ID522769026,4 Pacific Pl,TAYLORS LAKES,760000,h,22/07/2017,3,3,2,654,8,-37.69394,144.7795,22244,927,30,-1,502,1662,118
186,ID842019357,1/2 Dubbo St,ALBION,675000,u,9/9/2017,3,1,1,284,2,-37.77933,144.81679,20004,721,20.11111111,0,298,735,154
187,ID442550609,5 Kallara Gr,MARIBYRNONG,730000,t,7/11/2016,3,1,2,250,19,-37.7861,144.8897,20023,1790,11,-1,610,1743,228
188,ID441940831,311/163 Cremorne St,CREMORNE,570000,u,27/05/2017,2,2,1,0,12,-37.83011,144.99044,19908,672,10.56521739,-1,987,2150,212
189,ID130415347,22 Park Sq,PORT MELBOURNE,1630000,h,4/3/2017,3,2,2,135,22,-37.8395,144.9343,22180,2833,0,-1,705,5479,335
190,ID870756479,71 Hamilton Rd,NEW GISBORNE,1355000,h,23/09/2017,5,3,5,44500,74,-37.45392,144.58864,20315,1045,56,-1,301,389,114
191,ID554529351,89 Armstrong St,MIDDLE PARK,3750000,h,27/05/2017,3,2,1,411,44,-37.85327,144.96223,19958,2464,20,-1,313,545,65
192,ID296216123,3/87 Thomas St,BRIGHTON EAST,890000,u,12/8/2017,2,1,2,275,49,-37.91106,145.02394,19940,1264,31.08333333,-1,2897,11243,942
193,ID629166343,2/22 Looker Rd,MONTMORENCY,820000,t,15/07/2017,3,2,2,260,9,-37.72394,145.12456,19986,999,47,-1,1471,7759,779
194,ID517082421,1 Oxford Dr,BUNDOORA,730000,h,16/09/2017,4,2,2,538,49,-37.7002,145.06517,19984,2031,39.8,-1,684,1695,161
195,ID159311499,16 Clematis St,GLEN WAVERLEY,1790000,h,9/9/2017,4,2,2,742,49,-37.87738,145.18083,19873,1666,42.14285714,-1,56,98,19
196,ID733799841,58 Horace St,MALVERN,2325000,h,25/02/2017,3,2,2,347,129,-37.8602,145.0399,19944,1150,21.90909091,-1,717,1763,318
197,ID161359680,96 Avebury Dr,BERWICK,627500,h,1/7/2017,4,2,2,687,69,-38.02434,145.33117,22251,2197,0,-1,59,124,5
198,ID696085630,13 Crawley St,RESERVOIR,1015000,h,8/10/2016,4,1,1,518,99,-37.726,145.0044,20011,303,31.6,-1,824,1890,159
199,ID559485907,44 Silver St,ELTHAM,925000,h,12/8/2017,3,1,2,1027,39,-37.71328,145.14098,19987,603,51,-1,318,497,140
200,ID602841380,15 Argyle St,FITZROY,1394000,h,17/06/2017,3,2,1,60,69,-37.79714,144.97596,19843,1572,5.6,-1,2047,9171,742
201,ID883958643,3/15 Harold St,GLENROY,590000,u,29/04/2017,3,2,2,0,10,-37.7074,144.9266,20032,885,25.08333333,-1,1841,9184,533
202,ID122671396,56 Brandon St,GLEN IRIS,1820000,h,12/11/2016,3,1,3,650,89,-37.8571,145.0766,19848,684,31.5,-1,1923,8979,620
203,ID978697836,8 Princes St,WILLIAMSTOWN,1150000,h,8/4/2017,3,1,0,308,119,-37.8526,144.895,19993,741,19.2,-1,1064,4200,432
204,ID789570867,17 Beard St,ELTHAM,855000,h,27/05/2017,6,3,3,804,39,-37.70872,145.16102,19987,1281,51,-1,318,497,140
205,ID380983723,4 Matthews Ct,TOORAK,2820000,h,10/12/2016,3,2,2,600,52,-37.8332,145.0117,19906,726,13.25,-1,584,2731,211
206,ID443496412,50 Collinson St,KEILOR PARK,820500,h,18/03/2017,4,2,7,754,28,-37.7221,144.8578,20032,5586,25.08333333,-1,1021,5132,325
207,ID926163431,17 Gowrie St,BENTLEIGH EAST,1115000,h,19/08/2017,4,1,2,579,99,-37.91524,145.07686,19917,1937,28,-1,959,4476,324
208,ID137144442,13 Brisbane St,ASCOT VALE,1130000,t,23/09/2017,3,2,1,231,119,-37.77373,144.9311,20039,835,10.07692308,-1,2494,11307,1410
209,ID552319416,28 Nelson Pl,SOUTH MELBOURNE,2050000,h,6/5/2017,3,2,1,230,119,-37.8373,144.9527,20043,2111,0,-1,1245,3886,447
210,ID645000162,152 Balwyn Rd,BALWYN,2380000,h,17/06/2017,3,2,2,752,81,-37.80648,145.08274,19893,2009,23.66666667,-1,959,4476,324
211,ID677944088,46 Cobden St,SOUTH MELBOURNE,1390000,h,22/05/2016,3,2,1,138,21,-37.8351,144.9675,19854,1870,4.402777778,-1,1100,3636,457
212,ID422022073,60 Northumberland Cct,CRAIGIEBURN,500000,h,22/07/2017,3,2,2,448,11,-37.58242,144.93001,40221,2458,40.1,-1,1288,4242,480
213,ID138664400,58 Scotchmer St,FITZROY NORTH,1345000,h,8/4/2017,2,1,0,176,139,-37.7831,144.9805,20019,1048,19.72727273,0,2047,9171,742
214,ID683916966,92A Brees Rd,KEILOR EAST,660000,t,27/11/2016,3,2,1,265,39,-37.7444,144.8763,20037,3742,14.08333333,-1,555,1129,160
215,ID550359346,1/37 Yongala St,BALWYN,1255000,h,4/6/2016,3,2,2,308,18,-37.8056,145.0788,19893,2113,23.66666667,-1,925,4701,308
216,ID871673867,23 Beauford St,HUNTINGDALE,1093800,h,17/06/2017,3,1,2,501,49,-37.90805,145.10684,19916,513,29.88888889,-1,2837,9343,1212
217,ID622281366,157 Canning St,AVONDALE HEIGHTS,851000,t,3/12/2016,3,3,1,557,2,-37.77,144.8572,22241,2973,12.09090909,-1,1654,9119,550
218,ID141722896,1 Gordon Ct,GLENROY,737000,h,8/10/2016,3,1,4,640,69,-37.6986,144.9243,20031,838,27.08333333,-1,1683,8938,509
219,ID753400784,59 Tambet St,BENTLEIGH EAST,1160000,t,6/8/2016,4,2,2,321,13,-37.914,145.0714,19917,2123,28,-1,925,4701,308
220,ID635624156,49 Bent St,ALTONA,1500000,h,28/05/2016,3,1,1,929,69,-37.8651,144.832,19926,308,27,-1,920,3066,357
221,ID956371362,85 Martins La,VIEWBANK,920250,h,4/3/2017,4,2,2,558,49,-37.7328,145.0916,19983,2117,37.14285714,-1,647,2861,222
222,ID738596468,8/3 Kooyongkoot Rd,HAWTHORN,450000,u,1/7/2017,2,1,1,2338,79,-37.83032,145.03899,19904,1011,16.57142857,-1,1253,7401,484
223,ID604932057,3 Hazel Gr,PASCOE VALE,1465000,h,4/3/2017,3,1,2,956,11,-37.7308,144.9397,20034,1013,20.08333333,0,705,5479,335
224,ID349919489,48 Murray St,COBURG,1130000,h,25/02/2017,3,1,3,206,74,-37.7382,144.9563,19965,772,19,-1,1097,5916,553
225,ID956037693,48 Bedford St,AIRPORT WEST,872500,h,8/4/2017,3,1,1,594,69,-37.7203,144.8757,20033,4043,23.08333333,-1,1214,5603,375
226,ID209904792,6 Alma La,CAROLINE SPRINGS,600000,h,3/6/2017,3,1,3,406,14,-37.72484,144.74296,22244,3811,30,-1,1288,4242,480
227,ID636255143,43 Stawell St,WERRIBEE,830000,h,17/06/2017,3,2,2,1025,49,-37.90188,144.65138,19921,900,36.4,-1,98,190,19
228,ID215663449,36 Howitt Dr,TEMPLESTOWE LOWER,1065000,h,10/12/2016,3,1,2,664,49,-37.7637,145.1117,19935,4550,32.25,0,2403,5212,586
229,ID767580029,172 Maribyrnong Rd,MOONEE PONDS,930000,h,16/07/2016,3,1,1,305,119,-37.7711,144.9122,20038,858,12.07692308,-1,278,489,65
230,ID791977278,34 Russell Cr,BORONIA,820000,h,8/7/2017,4,2,4,719,44,-37.86434,145.25739,19869,2412,54,-1,59,124,5
231,ID601650477,3 Lynch St,SUNSHINE,715000,h,14/05/2016,3,1,2,558,94,-37.7807,144.8341,22241,879,12.09090909,0,2403,5212,586
232,ID530312634,45 Browns Rd,BENTLEIGH EAST,1560000,h,16/04/2016,3,1,2,841,69,-37.9217,145.056,19939,1735,33.08333333,-1,925,4701,308
233,ID241897265,1/3 Steele St,MALVERN EAST,536000,u,24/09/2016,2,1,1,0,59,-37.8713,145.0515,19837,1039,26,0,610,1743,228
234,ID715205639,12/2 Gordon Gr,SOUTH YARRA,635000,u,25/02/2017,2,1,1,855,14,-37.8336,144.9882,19959,651,13.86666667,-1,1245,3886,447
235,ID886637877,26 Nolan St,NIDDRIE,1076000,h,16/04/2016,3,1,1,654,29,-37.7412,144.8888,20036,2907,16.08333333,-1,71,261,20
236,ID121959622,11 Joyce St,ELWOOD,1800000,h,16/09/2017,3,2,2,380,99,-37.88922,144.9896,19954,1110,27,-1,1666,9333,523
237,ID697217016,5/39 Horne St,ELSTERNWICK,1007000,h,22/05/2016,4,2,2,125,19,-37.8855,145.001,19954,84,27,-1,1566,8895,491
238,ID129722319,55 Whyte St,BRIGHTON,1962000,t,14/05/2016,3,2,2,323,24,-37.9208,144.9996,19951,694,33,-1,2744,10289,780
239,ID857077327,2/58 North Rd,BRIGHTON,1410000,u,17/06/2017,3,2,2,257,34,-37.89886,144.99462,19953,873,29,-1,2897,11243,942
240,ID251829792,2/53 Salisbury Rd,ASHWOOD,830000,t,28/08/2016,3,1,2,212,7,-37.8723,145.1089,19840,316,34.14285714,-1,1654,9119,550
241,ID169838310,15 Caroline St,CLIFTON HILL,1460000,h,27/05/2017,3,1,0,192,119,-37.78992,144.99845,19974,302,17.84615385,-1,1097,5916,553
242,ID585204503,7 Bank St,RICHMOND,1600000,h,3/12/2016,3,2,1,115,18,-37.8163,144.9984,19978,632,10,-1,824,1890,159
243,ID982929681,408/1 Brunswick Rd,BRUNSWICK EAST,390500,u,22/07/2017,1,1,1,0,8,-37.77883,144.9776,20017,1357,21.72727273,-1,817,1779,181
244,ID216995680,50 Well St,BRIGHTON,1975000,h,3/12/2016,3,1,2,432,89,-37.9172,144.996,19951,231,33,-1,2744,10289,780
245,ID561975592,8 Katandra Cr,BROADMEADOWS,460000,h,8/7/2017,3,1,1,629,49,-37.67197,144.91896,20030,1235,29.08333333,-1,684,1695,161
246,ID943047302,139 Cecil St,WILLIAMSTOWN,2255000,h,27/11/2016,4,1,3,765,139,-37.8621,144.8999,19992,520,21.2,-1,1002,4068,328
247,ID376664579,4 Barry St,NORTHCOTE,905000,h,17/06/2017,2,1,0,114,69,-37.78024,144.99289,20017,267,21.72727273,-1,142,344,39
248,ID391105621,10/18 Ireland St,WEST MELBOURNE,460000,u,4/6/2016,1,1,1,0,19,-37.8076,144.9456,19973,387,3.723404255,-1,584,2731,211
249,ID793995202,13 Goodman St,BRUNSWICK,884000,h,22/04/2017,2,1,0,148,129,-37.7731,144.9568,19969,269,12,-1,817,1779,181
250,ID907303264,46 MacKay St,YARRAVILLE,1455000,h,29/04/2017,4,1,1,328,99,-37.8097,144.8906,19997,453,11.18181818,-1,817,1779,181
251,ID592475242,9/160 Napier St,ESSENDON,280000,u,16/04/2016,1,1,1,0,59,-37.7475,144.9194,20036,139,16.08333333,-1,1144,6845,375
252,ID702986169,126 Market St,ESSENDON,1500000,h,3/9/2017,3,1,2,649,29,-37.74212,144.89256,20036,2561,16.08333333,-1,1253,7401,484
253,ID506334180,15 Down St,RESERVOIR,780000,h,17/09/2016,3,1,2,464,99,-37.7245,145.004,20011,448,31.6,-1,824,1890,159
254,ID875202055,153 Dow St,PORT MELBOURNE,1130000,h,22/05/2016,2,1,0,112,12,-37.8404,144.9422,20043,2619,0,-1,659,5219,338
255,ID459513676,2/62 Selwyn St,ALBION,600000,u,20/05/2017,3,1,1,181,19,-37.7815,144.8128,20020,950,16,-1,298,735,154
256,ID174016557,39 Keon St,THORNBURY,1020000,h,18/03/2017,3,1,1,366,49,-37.7524,144.9912,20014,713,26.6,-1,2532,5455,713
257,ID541100817,42 Studley Ct,DONCASTER,1460000,h,18/06/2016,4,2,2,840,49,-37.78,145.1145,20042,4408,30.75,-1,3081,9924,906
258,ID941862666,53 Park Rd,SURREY HILLS,2567500,h,19/08/2017,3,2,2,1004,54,-37.83603,145.10596,19895,1466,27.66666667,-1,2532,5455,713
259,ID352043090,9/3 Rae Ct,PRAHRAN,660000,u,27/05/2017,2,1,1,0,119,-37.85672,145.00273,19957,943,21,-1,705,5479,335
260,ID978394532,184 Finch St,GLEN IRIS,3310000,h,20/05/2017,3,3,2,662,31,-37.8605,145.0455,19912,969,22,-1,2047,9171,742
261,ID189345193,7 Rosina St,BENTLEIGH,1920000,h,20/05/2017,4,2,2,650,23,-37.9323,145.0445,19937,719,37.09090909,0,959,4476,324
262,ID559907380,21 Catherine Rd,SEABROOK,515000,h,3/6/2017,3,1,2,531,34,-37.87793,144.75626,46468,1186,28,-1,394,1153,165
263,ID852392945,6/26 Parkside St,ELSTERNWICK,975000,u,3/6/2017,2,1,1,1764,49,-37.8879,145.01198,19954,1035,27,-1,1666,9333,523
264,ID789325265,3 Becker Cl,MELTON WEST,410000,h,27/05/2017,3,2,2,740,34,-37.68052,144.55106,19980,3162,32.77777778,-1,50,68,12
265,ID644310445,56 Gardiner Pde,GLEN IRIS,2175000,h,4/6/2016,5,3,4,619,16,-37.8554,145.0611,19835,503,24,-1,1923,8979,620
266,ID299551884,504/7 King St,PRAHRAN,520000,u,29/07/2017,2,2,1,1111,7,-37.84968,144.99389,19958,355,20,-1,705,5479,335
267,ID234758887,7 Caddy Ct,RESERVOIR,585000,h,13/08/2016,3,1,3,620,7,-37.7293,145.032,20011,2575,31.6,-1,824,1890,159
268,ID507875739,11 Huntingfield Dr,DONCASTER EAST,1662000,h,3/6/2017,4,2,2,785,39,-37.7738,145.16712,19899,5255,36.66666667,-1,3327,11071,1069
269,ID646074465,3/136 New St,BRIGHTON,1392000,u,13/05/2017,3,2,1,188,49,-37.9181,144.9933,19951,422,33,-1,2897,11243,942
270,ID916046511,15 Bliburg St,JACANA,460000,h,24/09/2016,3,1,1,601,59,-37.6889,144.9109,20031,819,27.08333333,-1,87,252,37
271,ID227002457,1/15 Ross St,NIDDRIE,760000,u,18/06/2016,3,2,1,198,11,-37.7357,144.8908,20036,2946,16.08333333,-1,71,261,20
272,ID806732041,1 Culloden St,BRUNSWICK WEST,995000,h,23/04/2016,3,1,2,505,89,-37.757,144.9446,19967,1492,15,0,958,5673,628
273,ID822843762,32 Sweetland Rd,BOX HILL,910000,h,13/05/2017,3,1,2,414,5,-37.8247,145.1359,19897,607,32.75,-1,2897,11243,942
274,ID570979486,50 Finch St,BURWOOD,1170000,h,12/8/2017,3,1,3,590,19,-37.85553,145.12305,19840,2231,34.14285714,-1,684,1695,161
275,ID428637371,68 Henkel St,BRUNSWICK,890000,h,18/06/2016,2,1,1,259,46,-37.7653,144.9565,19968,383,14,-1,703,1502,135
276,ID468048128,15 Bletchley Pl,KEALBA,590000,h,22/07/2017,4,2,2,617,59,-37.7364,144.82556,20002,2435,25.11111111,-1,591,1189,177
277,ID780755055,24 Robert St,BULLEEN,1300000,h,10/12/2016,4,3,1,604,59,-37.7621,145.086,19935,2297,32.25,-1,958,5673,628
278,ID801990458,1/38 Victoria St,COBURG,500000,h,28/08/2016,2,1,1,113,49,-37.7424,144.961,19965,206,19,-1,1071,5783,419
279,ID247012009,6 Bourke St,ESSENDON WEST,750000,h,1/7/2017,3,1,1,236,19,-37.75403,144.8867,20037,2605,14.08333333,-1,1253,7401,484
280,ID339544839,96 Bryant St,FLEMINGTON,865500,h,3/9/2016,2,1,1,168,114,-37.7835,144.9339,20040,607,8.076923077,-1,1923,8979,620
281,ID325447914,2 Islington St,SUNSHINE,970000,h,22/04/2017,4,1,4,615,69,-37.785,144.8383,22241,618,12.09090909,-1,2532,5455,713
282,ID820278848,2/47 Parker St,TEMPLESTOWE LOWER,678000,t,15/10/2016,2,1,1,340,39,-37.7564,145.1195,19986,4579,47,-1,2403,5212,586
283,ID956371362,85 Martins La,VIEWBANK,920250,h,4/3/2017,4,2,2,558,49,-37.7328,145.0916,19983,2117,37.14285714,-1,647,2861,222
284,ID398364054,204/2 Alexander St,SEDDON,533000,u,22/08/2016,2,1,1,0,7,-37.8042,144.892,20024,194,10,-1,824,1890,159
285,ID741155408,7 Allawah Cl,KEYSBOROUGH,770000,h,23/09/2017,3,1,4,533,57,-37.98433,145.17041,19889,1978,44.5,-1,1360,6408,691
286,ID351656003,310 Hampton St,HAMPTON,2600000,h,12/6/2016,4,1,2,1504,119,-37.944,145.0015,19949,670,38,-1,198,505,67
287,ID343390016,59 Barrett St,ALBERT PARK,2340000,h,26/08/2017,3,2,1,162,139,-37.84398,144.95044,20043,2861,0,-1,1214,5603,375
288,ID968498628,11 Carrathool St,BULLEEN,1400000,h,10/12/2016,3,1,3,770,54,-37.7644,145.0886,19935,2588,32.25,-1,958,5673,628
289,ID264413841,4/1 Nangnak La,MONT ALBERT,660000,t,14/05/2016,2,2,1,146,89,-37.8157,145.1101,19896,578,29.66666667,-1,278,489,65
290,ID713279297,2/3 Tyrone St,CAMBERWELL,620000,h,13/08/2016,2,1,1,122,59,-37.8439,145.0718,19850,331,27.5,-1,3703,18944,2039
291,ID460178091,3/302 Grange Rd,ORMOND,405000,u,28/08/2016,2,1,1,0,49,-37.9031,145.0444,19941,421,30.08333333,-1,268,736,128
292,ID780226208,2/4 Balmoral St,ESSENDON,445000,u,10/12/2016,2,1,1,916,4,-37.7502,144.9065,20037,1071,14.08333333,-1,1144,6845,375
293,ID724937133,41 Cameron St,RICHMOND,1320000,h,24/09/2016,3,2,2,171,129,-37.8166,144.9987,19978,666,10,-1,824,1890,159
294,ID326880893,93 Burke Rd,FERNTREE GULLY,770000,h,19/08/2017,3,1,0,720,99,-37.87356,145.27515,19869,1670,54,-1,56,98,19
295,ID391253368,5 Gwelo St,WEST FOOTSCRAY,935000,h,27/11/2016,3,2,3,466,79,-37.8019,144.8663,20022,417,14,-1,268,736,128
296,ID510878510,1/54 Emmaline St,NORTHCOTE,370000,u,23/04/2016,1,1,1,0,109,-37.7635,144.9934,20015,329,24.72727273,-1,136,302,42
297,ID945612035,4 Garnet St,SUNSHINE NORTH,670000,h,8/10/2016,3,1,2,532,69,-37.7749,144.8313,20004,656,20.11111111,-1,1363,6287,564
298,ID233992728,205/72 Altona St,KENSINGTON,400000,u,27/05/2017,1,1,1,0,11,-37.79741,144.92614,20026,243,6.25,-1,288,712,75
299,ID817611774,32 Ailsa Gr,IVANHOE,1850000,h,18/03/2017,3,2,2,684,19,-37.7659,145.0392,19933,641,28.44444444,0,92,260,36
300,ID814822113,5/19 Waratah St,WEST FOOTSCRAY,597000,u,27/05/2017,3,1,1,126,24,-37.80962,144.86877,20022,1263,14,-1,298,735,154
301,ID891560604,22b Essex Rd,SURREY HILLS,2200000,h,7/5/2016,4,2,2,734,99,-37.8286,145.092,19894,562,25.66666667,-1,2403,5212,586
302,ID280372135,27 Gerald St,BLACKBURN,1850000,h,16/09/2017,4,2,2,628,7,-37.82942,145.16714,19899,1195,36.66666667,-1,990,3070,411
303,ID991423288,177 Bignell Rd,BENTLEIGH EAST,1110000,h,25/02/2017,3,1,6,542,14,-37.9272,145.0705,19937,3069,37.09090909,-1,959,4476,324
304,ID569344044,18 Struan Av,ENDEAVOUR HILLS,625000,h,15/07/2017,4,2,2,669,39,-37.96466,145.27006,19885,5909,52,-1,121,242,42
305,ID825804750,27 Charles St,ABBOTSFORD,1030000,h,30/07/2016,2,1,1,172,89,-37.8086,144.9946,19977,272,12,-1,1202,5034,333
306,ID395284201,45 Bordeaux St,DONCASTER,1545000,h,29/04/2017,4,3,2,647,54,-37.7819,145.1184,20042,4163,30.75,-1,3327,11071,1069
307,ID331551729,81 Dalpura Cct,FRANKSTON,491000,h,27/05/2017,3,1,2,602,18,-38.13759,145.17054,19856,3555,68.2,-1,517,2973,288
308,ID516197166,4/6 Riverview Rd,ESSENDON,606000,u,12/11/2016,2,1,2,0,47,-37.7598,144.9128,20037,517,14.08333333,-1,1144,6845,375
309,ID464359271,31a Douglas St,ASHWOOD,1045000,u,4/3/2017,3,2,2,467,69,-37.8639,145.0968,19839,1288,31,-1,1672,10063,646
310,ID169959455,23 Cyprus St,LALOR,710500,h,8/7/2017,3,2,1,655,44,-37.67414,145.0205,20007,881,40.38461538,-1,1360,6408,691
311,ID272132093,112 Edgewater Bvd,MARIBYRNONG,865000,t,16/04/2016,3,2,2,151,9,-37.7855,144.8958,20025,1853,8.666666667,-1,610,1743,228
312,ID471577631,14 Beths St,BENTLEIGH,2700000,h,17/06/2017,4,4,2,673,84,-37.91888,145.04775,19939,958,33.08333333,-1,959,4476,324
313,ID579452288,125/33 Jeffcott St,WEST MELBOURNE,670000,u,8/7/2017,2,1,1,17,23,-37.8118,144.95259,19841,270,2,-1,647,2861,222
314,ID280520005,6 Shepherd St,SURREY HILLS,2100000,h,4/6/2016,3,2,2,1255,49,-37.8322,145.1056,19895,1079,27.66666667,-1,2403,5212,586
315,ID628794310,114 Shields St,FLEMINGTON,957000,h,22/05/2016,2,1,0,165,119,-37.7847,144.9341,20040,537,8.076923077,-1,1923,8979,620
316,ID227443300,2 Collett St,KENSINGTON,840000,h,15/07/2017,3,1,0,114,59,-37.78895,144.93351,20040,438,8.076923077,-1,288,712,75
317,ID573160883,6A Thistle St,SURREY HILLS,1600000,h,20/05/2017,4,1,2,600,133,-37.8327,145.0976,19895,958,27.66666667,-1,2532,5455,713
318,ID901265802,3/14 Rugby Rd,HUGHESDALE,455000,u,16/04/2016,2,1,2,0,59,-37.8942,145.0867,19917,701,28,-1,555,1129,160
319,ID412971383,18 William St,SEDDON,1270000,h,28/05/2016,4,1,1,352,129,-37.8059,144.8899,20024,402,10,-1,824,1890,159
320,ID664675051,3 Sheargold Ct,RESERVOIR,475000,h,18/06/2016,3,1,1,535,49,-37.692,144.9781,19961,1950,27,-1,824,1890,159
321,ID678545624,10 Whyte St,BRIGHTON,2385000,h,27/05/2017,4,3,2,373,39,-37.92465,144.9992,19950,905,35,-1,2897,11243,942
322,ID695404781,17 Findon St,MALVERN EAST,2200000,h,4/3/2017,4,2,2,541,29,-37.8717,145.0403,19943,670,22.11538462,0,717,1763,318
323,ID269433938,4/88 Addison St,ELWOOD,687000,u,8/4/2017,2,1,1,1912,49,-37.8795,144.98,19955,1397,25,0,1666,9333,523
324,ID342167975,91 MacEdon Rd,TEMPLESTOWE LOWER,1381000,h,27/05/2017,5,2,2,733,109,-37.7677,145.11371,19935,4814,32.25,-1,2532,5455,713
325,ID819572827,3/8 Forest St,COLLINGWOOD,560000,u,12/8/2017,2,1,1,0,44,-37.79627,144.99229,19975,373,15,-1,1097,5916,553
326,ID291674135,76 Newry St,FITZROY NORTH,1116000,h,3/9/2016,2,1,0,152,109,-37.791,144.9809,19974,1303,17.84615385,-1,1923,8979,620
327,ID579071954,7/75 Rosanna Rd,HEIDELBERG,490000,h,10/12/2016,2,1,1,187,39,-37.7518,145.0698,19935,994,32.25,-1,1144,6845,375
328,ID921266217,91 Market Rd,WERRIBEE,472000,h,3/6/2017,3,1,0,700,69,-37.89363,144.65693,19921,738,36.4,-1,98,190,19
329,ID836389529,18 Woodville St,BALWYN NORTH,1630000,h,13/05/2017,4,2,1,677,59,-37.7897,145.0922,19896,3511,29.66666667,-1,959,4476,324
330,ID164343253,105 Moreland Rd,COBURG,812000,h,8/10/2016,3,1,1,370,89,-37.7561,144.9718,19966,896,17,-1,1071,5783,419
331,ID414532398,249 Punt Rd,RICHMOND,905000,h,22/05/2016,4,1,0,254,129,-37.8201,144.9898,19908,444,10.56521739,-1,824,1890,159
332,ID899256405,1/15 Gilbertson St,ESSENDON,736000,u,23/04/2016,2,1,1,0,79,-37.7412,144.8974,20036,2177,16.08333333,0,1144,6845,375
333,ID183989896,3 Flannery Ct,OAK PARK,925000,h,15/10/2016,3,1,4,815,22,-37.7151,144.9062,20033,1386,23.08333333,-1,136,302,42
334,ID234307070,59 The Crescent,KENSINGTON,918000,t,8/10/2016,3,2,1,788,21,-37.7938,144.9186,20026,879,6.25,-1,271,771,74
335,ID868427578,16/373 South Rd,BRIGHTON EAST,775000,u,7/11/2016,2,1,1,112,59,-37.9306,145.0284,19937,843,37.09090909,-1,2744,10289,780
336,ID873643674,29 Traill St,NORTHCOTE,1700000,h,27/06/2016,5,3,1,450,89,-37.7701,144.9886,20016,588,22.72727273,-1,136,302,42
337,ID329596451,42 Junction Rd,BLACKBURN NORTH,1200000,h,15/07/2017,6,2,2,675,69,-37.80716,145.16504,19899,1729,36.66666667,-1,5,73,1
338,ID373372713,11/2 MacArthur Rd,PARKVILLE,734600,u,22/08/2016,2,2,1,2427,29,-37.7896,144.9584,19970,1079,10,-1,136,302,42
339,ID330683753,2/13 Motherwell St,SOUTH YARRA,465000,u,6/8/2016,1,1,1,0,49,-37.8456,145.0005,19947,183,16.83333333,0,1100,3636,457
340,ID801064508,78 Dickens St,ELWOOD,2200000,h,27/06/2016,4,3,2,348,119,-37.8748,144.9778,19956,1502,23,-1,1566,8895,491
341,ID923236347,40 Castleton Rd,VIEWBANK,820000,h,22/05/2016,3,2,2,628,59,-37.7314,145.0941,19983,2278,37.14285714,0,584,2731,211
342,ID134466906,57 Crevelli St,RESERVOIR,560000,h,1/7/2017,2,1,1,198,59,-37.72874,145.02988,20011,2387,31.6,-1,885,1901,227
343,ID571592854,8 Grand Bvd,MONTMORENCY,881100,h,12/8/2017,3,2,4,786,59,-37.72532,145.12488,19986,1154,47,-1,1471,7759,779
344,ID934247964,33 Schulz St,BENTLEIGH EAST,1010000,h,13/08/2016,4,1,2,658,69,-37.9343,145.0607,19937,2104,37.09090909,-1,925,4701,308
345,ID287902469,1 Meadowbank St,GLENROY,780000,h,6/5/2017,3,1,2,742,49,-37.702,144.9538,19961,471,27,0,1841,9184,533
346,ID668964057,4 Lysterfield Dr,GREENVALE,800000,h,8/7/2017,5,3,2,544,11,-37.61079,144.90823,20029,3247,35,-1,512,1119,175
347,ID583395115,403/120 Greville St,PRAHRAN,712500,u,28/05/2016,2,2,1,0,129,-37.8493,144.9908,19958,86,20,-1,659,5219,338
348,ID144152435,36 Charlotte St,RICHMOND,1421000,h,12/11/2016,2,1,0,196,19,-37.8254,145,19907,281,11.8,-1,824,1890,159
349,ID301991501,14 Musk Ct,MELTON,295000,h,27/05/2017,3,1,4,600,44,-37.68734,144.58001,19980,1894,32.77777778,-1,50,68,12
350,ID341071781,403/99 Nott St,PORT MELBOURNE,455500,u,24/09/2016,1,1,1,0,17,-37.8405,144.9385,22180,2756,0,-1,659,5219,338
351,ID431715216,122 Blackwood St,YARRAVILLE,1606000,h,26/07/2016,4,2,3,455,129,-37.8177,144.8839,19996,569,13.18181818,-1,703,1502,135
352,ID906755071,88 Victoria St,FOOTSCRAY,875000,h,18/03/2017,3,1,0,262,39,-37.8022,144.8924,20024,88,10,-1,298,735,154
353,ID128559654,2/79 Mimosa Rd,CARNEGIE,855000,t,16/04/2016,2,1,1,158,25,-37.8886,145.052,19920,635,21.90909091,-1,3703,18944,2039
354,ID783766754,7/122 Glen Huntly Rd,ELWOOD,510000,u,11/3/2017,2,1,1,0,69,-37.8831,144.9896,19955,942,25,-1,1666,9333,523
355,ID478509590,48a Purtell St,BENTLEIGH EAST,800000,t,7/5/2016,3,2,1,353,49,-37.9262,145.055,19938,1719,35.08333333,-1,925,4701,308
356,ID966808499,229/253 Bridge Rd,RICHMOND,439000,u,10/9/2016,1,1,1,3516,8,-37.8183,144.9979,19978,681,10,0,824,1890,159
357,ID852830063,13 Cedar Dr,MARIBYRNONG,1200000,h,12/8/2017,3,2,2,352,22,-37.77413,144.87533,20022,3001,14,-1,717,1763,318
358,ID964410076,29 Whatley St,CARRUM,625000,h,29/07/2017,3,2,1,379,69,-38.07912,145.12965,19858,789,62.16666667,-1,990,3070,411
359,ID520344241,15 Killarney Rd,TEMPLESTOWE LOWER,1002000,h,24/09/2016,3,1,2,799,59,-37.7698,145.1028,19935,3968,32.25,-1,2403,5212,586
360,ID528302148,2/12 Moorong St,CHADSTONE,1042500,t,11/2/2017,4,3,2,209,3,-37.8805,145.105,19840,989,34.14285714,-1,1593,6648,530
361,ID406367581,1 Hornby St,BLACK ROCK,1720000,h,9/9/2017,4,2,2,659,69,-37.97951,145.02515,19866,2951,42.5,-1,2524,12864,738
362,ID609839975,5 Aroona Ct,ABERFELDIE,1680000,h,22/07/2017,3,2,2,673,54,-37.76316,144.89799,20037,1789,14.08333333,-1,817,1779,181
363,ID244050988,17 Packington Pl,PRAHRAN,1365000,h,26/08/2017,2,1,2,206,119,-37.85569,145.00522,19946,940,18.90909091,-1,705,5479,335
364,ID435676743,16A Waterloo St,CAMBERWELL,3300000,h,25/02/2017,3,3,2,417,3,-37.831,145.0621,19853,577,20.57142857,-1,3767,18925,2042
365,ID914752066,10 Port St,NEWPORT,807500,h,14/05/2016,3,1,3,647,49,-37.8481,144.8666,19994,1610,16.625,-1,71,261,20
366,ID371264026,1/27 Noordenne Av,SEAHOLME,312000,u,29/07/2017,1,1,0,0,49,-37.86007,144.84578,19927,963,24.25,-1,1021,5132,325
367,ID372671482,9 Talba Ct,CARRUM DOWNS,552500,h,12/8/2017,3,2,2,779,31,-38.11471,145.18248,19856,4206,68.2,-1,990,3070,411
368,ID408801431,12a Doyle St,AVONDALE HEIGHTS,622000,u,1/7/2017,3,1,1,204,59,-37.76215,144.85986,20004,3542,20.11111111,-1,1672,10063,646
369,ID554529351,89 Armstrong St,MIDDLE PARK,3750000,h,27/05/2017,3,2,1,411,44,-37.85327,144.96223,19958,2464,20,-1,313,545,65
370,ID813377537,19 Hall St,COBURG,900000,h,15/07/2017,3,1,0,227,99,-37.75296,144.95967,19966,254,17,-1,1097,5916,553
371,ID815818362,2/20 Talmage St,ALBION,340000,t,29/07/2017,2,1,1,100,39,-37.77956,144.82519,20004,217,20.11111111,-1,298,735,154
372,ID785248073,23A Havelock St,ST KILDA,1120000,h,8/4/2017,2,1,0,135,89,-37.8661,144.9802,19956,1229,23,-1,1412,6364,699
373,ID314197476,6/285 Barkly St,ST KILDA,450000,u,18/06/2016,1,1,1,0,10,-37.8731,144.9799,19956,1262,23,-1,1363,6287,564
374,ID846722921,4 Burgess St,RICHMOND,1405000,h,27/11/2016,3,1,2,212,19,-37.8302,144.9993,19907,466,11.8,-1,824,1890,159
375,ID737266034,64 Pilgrim St,SEDDON,880000,h,15/10/2016,3,1,0,216,129,-37.8052,144.8941,20024,379,10,-1,824,1890,159
376,ID869482129,31 Elizabeth St,COBURG,820000,h,10/12/2016,2,1,1,597,59,-37.7402,144.9807,19965,1547,19,0,1071,5783,419
377,ID233620773,2A Kerr St,BLACKBURN,881000,t,19/08/2017,3,1,1,300,59,-37.81156,145.14057,19897,1026,32.75,-1,990,3070,411
378,ID835083826,28 Flinders St,BULLEEN,903000,h,26/07/2016,2,1,1,591,54,-37.7679,145.0978,19935,3481,32.25,-1,958,5673,628
379,ID251023303,10/352 Canterbury Rd,ST KILDA,500000,u,4/3/2017,2,1,1,5530,18,-37.859,144.9767,19957,1387,21,-1,1412,6364,699
380,ID779335383,1/40 Warmington Rd,SUNSHINE WEST,305000,h,27/06/2016,3,1,2,367,49,-37.8018,144.8246,22241,1646,12.09090909,-1,2403,5212,586
381,ID335996814,9 Arthur St,DONCASTER,1355000,h,29/04/2017,3,1,1,814,54,-37.7909,145.1309,20042,3261,30.75,-1,3327,11071,1069
382,ID695335284,94 Davies St,BRUNSWICK,1385000,h,13/05/2017,4,2,4,650,69,-37.7575,144.9716,19966,924,17,-1,817,1779,181
383,ID806286682,60A Kennedy St,BENTLEIGH EAST,935000,t,3/6/2017,3,2,2,244,19,-37.9203,145.08074,19916,2162,29.88888889,-1,959,4476,324
384,ID921804492,7/31 Kensington Rd,SOUTH YARRA,740000,u,15/10/2016,3,1,1,0,49,-37.8376,145.0012,19947,783,16.83333333,-1,1100,3636,457
385,ID686837465,1/4 Box Rd,BRIAR HILL,590000,h,27/05/2017,3,1,2,392,39,-37.70433,145.12184,19985,1198,44.2,-1,59,124,5
386,ID578461981,455 Gordon St,MARIBYRNONG,1011000,t,11/2/2017,3,2,2,225,17,-37.7867,144.8906,20023,1745,11,-1,717,1763,318
387,ID224530985,106 Outlook Dr,GLENROY,600000,h,22/05/2016,3,1,4,541,51,-37.7051,144.9069,20032,911,25.08333333,-1,1683,8938,509
388,ID718305687,3/9 Maroona Rd,CARNEGIE,365000,u,30/07/2016,1,1,1,0,59,-37.8887,145.048,19942,520,26.92307692,-1,3703,18944,2039
389,ID782235141,249 Punt Rd,RICHMOND,950000,h,8/10/2016,4,1,0,254,129,-37.8201,144.9898,19908,444,10.56521739,0,824,1890,159
390,ID258601553,2/12 Chettam St,EPPING,380500,u,27/05/2017,3,2,1,156,6,-37.6349,145.04042,20005,2148,45.38461538,-1,2006,7754,1051
391,ID812924733,34 Dean St,PRESTON,910000,h,12/11/2016,4,1,1,582,69,-37.7355,145.0178,20011,1541,31.6,-1,659,5219,338
392,ID259707204,4 Wilmoth St,NORTHCOTE,1335000,h,4/3/2017,3,1,3,520,99,-37.7683,145.0156,19930,1216,24,-1,142,344,39
393,ID365884807,25 Cobden St,SOUTH MELBOURNE,1200000,h,13/08/2016,3,2,0,113,109,-37.8346,144.9688,19854,1821,4.402777778,-1,1100,3636,457
394,ID333985312,29 Flinders St,BULLEEN,1200000,h,12/8/2017,3,1,3,557,21,-37.76762,145.09773,19935,3465,32.25,-1,941,5813,575
395,ID588674101,5/6 Tivoli Pl,SOUTH YARRA,863000,u,4/3/2017,2,2,1,742,69,-37.8357,144.9867,19959,583,13.86666667,-1,1245,3886,447
396,ID188768338,8/68 Goldsmith St,ELWOOD,630000,u,25/02/2017,2,1,1,0,84,-37.8817,144.984,19955,1179,25,-1,1666,9333,523
397,ID444436446,103/58 Ballarat St,YARRAVILLE,381000,u,17/09/2016,1,1,1,0,59,-37.8184,144.8904,19996,287,13.18181818,-1,703,1502,135
398,ID185248019,1120 Burke Rd,BALWYN NORTH,2668000,h,22/07/2017,3,1,2,939,39,-37.79494,145.06382,19932,3149,27,-1,959,4476,324
399,ID288294702,157 Cumberland Rd,PASCOE VALE,730000,h,10/9/2016,4,1,3,683,49,-37.7251,144.9394,20034,1170,20.08333333,-1,659,5219,338
400,ID543943064,1/52 Elder Pde,ESSENDON,820000,u,28/08/2016,3,1,1,0,104,-37.752,144.9079,20037,856,14.08333333,-1,1144,6845,375
401,ID111230289,56 Severn St,YARRAVILLE,1190000,h,27/05/2017,4,1,2,405,7,-37.81611,144.87945,19996,922,13.18181818,-1,817,1779,181
402,ID478252300,5 Braim St,SUNSHINE NORTH,700000,h,18/06/2016,3,1,2,538,44,-37.7704,144.8384,20004,1451,20.11111111,-1,1363,6287,564
403,ID114067171,68 Mortimore St,BENTLEIGH,1350000,h,24/09/2016,3,1,1,617,7,-37.9282,145.047,19938,1068,35.08333333,-1,925,4701,308
404,ID116400129,20/20 St Edmonds Rd,PRAHRAN,626000,u,12/8/2017,2,1,2,0,19,-37.85059,144.99188,19958,214,20,-1,705,5479,335
405,ID255409549,33 Newstead St,MARIBYRNONG,1320000,h,10/9/2016,3,2,2,645,119,-37.7662,144.8971,20038,1942,12.07692308,-1,610,1743,228
406,ID463951875,8 Sherwood St,HADFIELD,630000,h,3/12/2016,3,1,1,604,49,-37.7124,144.9514,19962,842,25,-1,1683,8938,509
407,ID634233320,27 MacPherson St,FOOTSCRAY,882000,h,29/04/2017,2,1,0,172,119,-37.7936,144.8905,20024,995,10,-1,298,735,154
408,ID372760066,6b Howell St,BENTLEIGH,845000,u,22/04/2017,3,1,2,242,23,-37.9302,145.0331,19937,562,37.09090909,-1,959,4476,324
409,ID948993334,10 Wattle Gr,SEAHOLME,2000000,h,25/02/2017,5,3,4,697,14,-37.8664,144.8416,19927,170,24.25,-1,1021,5132,325
410,ID810418305,80 Dover St,FLEMINGTON,1017500,t,19/08/2017,3,2,2,459,16,-37.78273,144.92358,20040,698,8.076923077,-1,2047,9171,742
411,ID723169316,25 Percy St,BALWYN,2550000,h,10/12/2016,5,3,2,642,89,-37.8096,145.0735,19893,1791,23.66666667,-1,925,4701,308
412,ID519517718,13 Churchill Ct,BRIGHTON EAST,2525000,h,24/06/2017,4,2,2,725,19,-37.92884,145.01518,19949,1576,38,-1,2897,11243,942
413,ID656847474,2/63 Devonshire Rd,WATSONIA,604000,u,15/07/2017,2,1,1,151,44,-37.71298,145.08115,19984,324,39.8,-1,281,524,75
414,ID449240262,61 William St,ESSENDON,1875000,h,29/07/2017,3,1,2,828,19,-37.74473,144.90238,20036,1657,16.08333333,0,1253,7401,484
415,ID786833606,4/12 Dalny Rd,MURRUMBEENA,490000,u,20/05/2017,2,1,1,0,9,-37.9025,145.066,19918,1328,26,-1,298,735,154
416,ID470655892,9 Dolphin Ct,GLADSTONE PARK,625000,h,1/7/2017,3,1,2,544,39,-37.68541,144.88471,20031,2949,27.08333333,-1,663,4010,377
417,ID445133312,2/94 Truganini Rd,CARNEGIE,737000,u,27/06/2016,2,1,1,165,29,-37.8927,145.0539,19920,828,21.90909091,-1,3703,18944,2039
418,ID181078122,13 Hudson St,COBURG,1160000,h,18/06/2016,4,2,5,371,131,-37.7436,144.962,19965,183,19,-1,1071,5783,419
419,ID643420767,309 Springvale Rd,FOREST HILL,800000,h,24/06/2017,3,1,2,617,59,-37.8318,145.17368,19899,1251,36.66666667,-1,2006,7754,1051
420,ID652281610,140 Woodland St,STRATHMORE,1650000,h,24/06/2017,3,3,2,698,49,-37.74246,144.92074,20036,529,16.08333333,-1,987,2150,212
421,ID190957683,5 Wavell St,BOX HILL,1400000,h,15/10/2016,3,2,1,643,79,-37.8285,145.1272,20042,1151,30.75,-1,2744,10289,780
422,ID803698582,2/53 Moylan St,BENTLEIGH EAST,835000,h,18/06/2016,3,1,1,250,39,-37.9087,145.0537,19940,1364,31.08333333,-1,925,4701,308
423,ID433150610,15 New St,BORONIA,770000,h,29/07/2017,4,2,2,723,49,-37.8476,145.29493,19869,1705,54,-1,59,124,5
424,ID404761183,124 Victoria St,FITZROY,2478000,h,19/08/2017,3,2,1,205,134,-37.79933,144.97932,19975,1331,15,0,2047,9171,742
425,ID354431403,1 Bute St,SEDDON,1315000,h,27/05/2017,3,3,2,122,69,-37.80401,144.89519,20024,367,10,-1,885,1901,227
426,ID167873069,1/48 Kenny St,BALWYN NORTH,1575000,t,8/7/2017,4,2,2,392,12,-37.80039,145.0961,19896,2276,29.66666667,-1,959,4476,324
427,ID656106161,44 Hartington St,ELSTERNWICK,1400000,h,7/5/2016,4,1,1,489,109,-37.8916,145.0123,19953,912,29,-1,1566,8895,491
428,ID448217214,188 Rachelle Rd,KEILOR EAST,835000,h,8/4/2017,3,2,2,700,39,-37.7322,144.8722,20036,4604,16.08333333,-1,591,1189,177
429,ID900265598,39 Alexander St,HALLAM,661000,h,16/09/2017,3,1,3,819,5,-38.00377,145.26161,19885,1712,52,-1,663,4010,377
430,ID292840828,13 Baily St,MOUNT WAVERLEY,1387000,h,24/06/2017,4,2,4,691,823,-37.86827,145.1452,19874,973,39.14285714,-1,1471,7759,779
431,ID478252300,5 Braim St,SUNSHINE NORTH,700000,h,18/06/2016,3,1,2,538,44,-37.7704,144.8384,20004,1451,20.11111111,-1,1363,6287,564
432,ID700109638,607/2 McGoun St,RICHMOND,592000,u,22/07/2017,2,2,2,2044,8,-37.817,144.99554,19978,428,10,-1,885,1901,227
433,ID816040185,22 Skipton Rd,HUGHESDALE,1337000,h,15/10/2016,4,1,2,696,89,-37.8991,145.0804,19918,529,26,-1,555,1129,160
434,ID209673038,13 Kiama St,OAK PARK,610000,t,1/7/2017,2,1,1,182,4,-37.712,144.91761,20033,746,23.08333333,-1,142,344,39
435,ID795722793,10 Dumbarton St,RESERVOIR,851000,h,27/11/2016,3,1,1,826,59,-37.7013,145.0244,20008,1314,37.55555556,0,824,1890,159
436,ID867255641,135 Suffolk St,WEST FOOTSCRAY,709000,h,22/05/2016,3,1,1,405,59,-37.79,144.867,20022,1090,14,-1,268,736,128
437,ID478303120,182 Keele St,COLLINGWOOD,670000,h,18/03/2017,2,1,0,118,119,-37.7976,144.993,19975,215,15,-1,1097,5916,553
438,ID399402345,22 Andrews St,BURWOOD,1175000,h,15/10/2016,3,1,2,661,54,-37.8495,145.1282,19875,2867,36.14285714,-1,579,1758,160
439,ID903084714,183a High St,DONCASTER,751800,u,27/11/2016,3,1,2,109,18,-37.7749,145.1138,20042,4979,30.75,-1,3081,9924,906
440,ID706371221,307/18 Hull St,RICHMOND,500000,u,8/4/2017,2,1,1,0,7,-37.8175,144.9974,19978,597,10,-1,885,1901,227
441,ID315902032,6/4 Gurner St,ST KILDA,455000,u,7/11/2016,2,1,1,0,17,-37.8619,144.9802,19957,1227,21,-1,1363,6287,564
442,ID878927452,186 Mascoma St,STRATHMORE,910000,h,8/4/2017,5,2,2,533,54,-37.7189,144.9044,20033,1511,23.08333333,-1,987,2150,212
443,ID515614442,1/171 Melrose Dr,TULLAMARINE,615500,h,29/07/2017,3,2,1,238,8,-37.70322,144.88236,20032,3074,25.08333333,-1,256,511,54
444,ID416866440,7 Arnold St,SUNSHINE WEST,780000,h,24/06/2017,4,2,2,696,20,-37.78647,144.81319,20020,1039,16,-1,2532,5455,713
445,ID985644467,20 Everton Gr,SURREY HILLS,2630000,h,10/12/2016,5,3,2,777,94,-37.8287,145.1054,19895,772,27.66666667,-1,2403,5212,586
446,ID971843214,3/10 Kendall St,ESSENDON,702500,u,4/3/2017,2,1,1,168,11,-37.758,144.9311,20037,1330,14.08333333,-1,1253,7401,484
447,ID542223866,8/8 Tattenham St,CAULFIELD EAST,300000,u,27/05/2017,2,1,1,1961,59,-37.88299,145.04711,19943,736,22.11538462,-1,1021,5132,325
448,ID881043648,4a Mills St,ALBERT PARK,1550000,t,7/11/2016,3,2,2,718,139,-37.8443,144.9598,19958,2705,20,-1,1202,5034,333
449,ID465593718,15 Littlewood St,HAMPTON,2513000,h,6/5/2017,3,2,1,766,89,-37.9346,145.0049,19949,482,38,-1,235,506,74
450,ID440116658,62 Everard St,GLENROY,500000,h,10/9/2016,3,1,1,589,16,-37.6993,144.9393,19961,1731,27,-1,1683,8938,509
451,ID205495772,121 Vine St,MOONEE PONDS,1302500,h,13/05/2017,2,1,2,455,89,-37.7692,144.9353,20039,1367,10.07692308,-1,313,545,65
452,ID326621494,2/44 Railway Pde S,CHADSTONE,700000,u,4/6/2016,3,2,1,224,13,-37.8738,145.1054,19840,588,34.14285714,-1,1540,6062,477
453,ID145629045,131 Sycamore St,CAULFIELD SOUTH,1350000,h,20/05/2017,3,2,1,305,94,-37.8899,145.023,19942,1689,26.92307692,-1,1593,6648,530
454,ID264710417,267 Yallambie Rd,YALLAMBIE,753000,h,11/2/2017,3,2,1,536,44,-37.7233,145.1045,19986,1743,47,-1,1064,4200,432
455,ID848279590,48 Coonawarra Dr,VERMONT SOUTH,1138000,h,19/08/2017,4,2,2,784,39,-37.85211,145.20174,19901,3847,41.66666667,-1,281,524,75
456,ID566397737,9/3 Irving St,MALVERN,570500,u,4/3/2017,2,1,2,0,49,-37.8597,145.0318,19944,762,21.90909091,-1,717,1763,318
457,ID742933877,24 Banksia Av,THOMASTOWN,651000,h,22/07/2017,3,1,2,526,49,-37.68164,144.99769,20007,1469,40.38461538,-1,502,1662,118
458,ID559584368,280 Francis St,YARRAVILLE,850000,h,13/08/2016,3,1,1,444,15,-37.8193,144.8753,19996,1343,13.18181818,-1,703,1502,135
459,ID376720353,74 Challis St,NEWPORT,1560000,h,6/5/2017,4,2,3,480,79,-37.8439,144.8733,19994,915,16.625,-1,84,293,23
460,ID414177518,55 Withers St,ALBERT PARK,2800000,h,18/06/2016,4,3,1,327,109,-37.8467,144.9475,20043,3188,0,-1,1202,5034,333
461,ID290882231,15/703 Orrong Rd,TOORAK,1400000,u,27/06/2016,2,2,2,2927,59,-37.8414,145.0137,19946,1044,18.90909091,-1,584,2731,211
462,ID791526742,47 Brougham St,KEW,1668000,h,11/2/2017,3,2,2,289,49,-37.8048,145.0303,19904,1932,16.57142857,-1,288,712,75
463,ID974657895,10 Kiewa St,ASHWOOD,1420000,h,15/07/2017,3,1,1,726,54,-37.86173,145.11074,19840,1327,34.14285714,-1,1672,10063,646
464,ID665369016,5 Morris St,PARKDALE,1350000,h,29/07/2017,5,2,2,653,69,-37.99336,145.08953,19864,1159,47,-1,938,6892,553
465,ID406726027,11/79 Atherton Rd,OAKLEIGH,400000,u,7/5/2016,2,1,1,0,15,-37.8991,145.0939,19917,511,28,-1,898,6529,480
466,ID856714979,9 Huntingfield St,CRAIGIEBURN,475000,h,23/09/2017,4,2,1,294,8,-37.58364,144.90804,40221,3712,40.1,-1,1288,4242,480
467,ID152899741,14 Kanowna St,HAMPTON,1850000,h,9/9/2017,3,1,2,697,49,-37.94435,145.00927,19948,784,42,0,235,506,74
468,ID858864542,1 College St,HAWTHORN,1560000,h,18/03/2017,3,2,0,198,109,-37.8169,145.0234,19905,550,15.66666667,-1,1253,7401,484
469,ID890226834,1/13 Maidstone St,RINGWOOD,633000,h,8/7/2017,2,1,2,123,14,-37.82223,145.22504,19902,786,45,-1,119,452,22
470,ID327763167,13 Robb St,SPOTSWOOD,831000,h,16/04/2016,3,1,0,353,129,-37.8309,144.889,19995,271,15.18181818,-1,1100,3636,457
471,ID394534037,22 Quentin Rd,MALVERN EAST,1380000,h,20/05/2017,4,2,2,230,12,-37.8806,145.0831,19839,958,31,-1,717,1763,318
472,ID778410066,108 Normanby Av,THORNBURY,1300000,h,16/09/2017,3,1,2,531,89,-37.75832,144.99017,20014,824,26.6,-1,2532,5455,713
473,ID200767416,111/112 Pier St,ALTONA,440000,u,11/2/2017,2,1,1,0,54,-37.8659,144.831,19926,183,27,-1,990,3070,411
474,ID772281189,39 Cuthbert St,NIDDRIE,1350000,h,7/11/2016,4,3,2,747,34,-37.7387,144.8827,20036,3497,16.08333333,-1,71,261,20
475,ID601951619,6 Paul Gr,BEACONSFIELD UPPER,675000,h,24/06/2017,4,2,2,1031,59,-38.00224,145.41081,19882,6682,62,-1,326,1234,99
476,ID856521439,6/28 The Avenue,WINDSOR,650000,u,16/07/2016,2,2,1,0,9,-37.8554,144.9982,19957,547,21,-1,1002,4068,328
477,ID440935410,504/2 Golding St,HAWTHORN,600000,u,15/07/2017,2,1,1,0,5,-37.82214,145.03288,19904,322,16.57142857,0,1253,7401,484
478,ID245678686,308 Sussex St,PASCOE VALE,650000,h,27/05/2017,2,1,2,605,59,-37.71878,144.95176,19963,875,23,-1,705,5479,335
479,ID277478477,1/26 Tucker St,FAWKNER,492000,t,28/08/2016,3,1,1,208,8,-37.7092,144.9695,19962,993,25,-1,1144,6845,375
480,ID119506951,4 Whitmore Pl,HILLSIDE,485000,h,3/6/2017,3,2,1,453,22,-37.68811,144.74999,22244,2577,30,-1,2837,9343,1212
481,ID971736415,2/18 Hancock St,ALTONA,540000,u,3/6/2017,2,1,1,132,39,-37.86444,144.82304,19926,654,27,0,990,3070,411
482,ID397286716,7 Duff St,SANDRINGHAM,1665000,h,16/09/2017,4,3,2,780,19,-37.9602,145.02026,19948,1762,42,-1,101,251,18
483,ID367960463,70 James St,NORTHCOTE,1450000,h,28/08/2016,3,1,1,489,119,-37.7756,145.0002,19928,565,20,0,136,302,42
484,ID743209844,7 Cambridge St,CAULFIELD NORTH,1870000,h,25/02/2017,3,2,1,339,5,-37.8622,145.0112,19945,959,19.90909091,-1,1593,6648,530
485,ID770181629,11 Perceval St,SUNBURY,498500,h,9/9/2017,3,2,2,688,119,-37.57367,144.71842,15351,990,45.16666667,-1,1479,4398,502
486,ID921764305,7/282 Barkly St,ELWOOD,360000,u,13/05/2017,1,1,0,0,60,-37.8749,144.9799,19956,1339,23,-1,1666,9333,523
487,ID341106040,8/294 Nicholson St,SEDDON,215000,u,22/05/2016,1,1,1,0,99,-37.8087,144.8978,19997,190,11.18181818,-1,824,1890,159
488,ID556822589,11 Henry St,FITZROY,677000,h,27/11/2016,2,1,0,67,169,-37.7969,144.9759,19843,1597,5.6,-1,1923,8979,620
489,ID267609913,5 Gatis St,GLEN IRIS,1738000,h,16/09/2017,3,2,2,692,54,-37.85672,145.09099,19848,1030,31.5,-1,2047,9171,742
490,ID945888396,42 Bishop St,OAKLEIGH,1610000,h,15/07/2017,4,2,2,592,69,-37.90821,145.09314,19916,868,29.88888889,-1,938,6892,553
491,ID731364387,1/308 Canterbury Rd,SURREY HILLS,805000,u,13/08/2016,2,1,2,297,119,-37.8255,145.092,19894,324,25.66666667,-1,2403,5212,586
492,ID144152435,36 Charlotte St,RICHMOND,1421000,h,12/11/2016,2,1,0,196,19,-37.8254,145,19907,281,11.8,-1,824,1890,159
493,ID362621278,57 Eastwood St,KENSINGTON,813500,h,22/05/2016,3,1,1,165,22,-37.7907,144.9303,20041,343,6.076923077,-1,271,771,74
494,ID679287460,77 Merrett Dr,WILLIAMSTOWN,1031000,h,26/08/2017,3,2,2,333,24,-37.85927,144.87904,19993,907,19.2,-1,1064,4200,432
495,ID676509344,8 Orgill St,DANDENONG,488000,h,12/8/2017,2,1,1,414,29,-37.99173,145.22309,22250,1189,49,-1,1083,3612,368
496,ID125900590,3 Besant St,HAMPTON EAST,1280000,h,26/08/2017,3,1,3,658,62,-37.94259,145.03004,19937,1089,37.09090909,-1,1173,8523,974
497,ID992077268,70 Barry St,RESERVOIR,785000,h,24/09/2016,3,1,1,719,5,-37.709,145.0015,20009,717,35.55555556,-1,824,1890,159
498,ID961318193,4/186 Beach Rd,MORDIALLOC,519000,u,3/6/2017,1,1,1,0,49,-38.00508,145.08189,19863,533,50,-1,1471,7759,779
499,ID670873945,26A Macquarie St,WILLIAMSTOWN,1262000,h,25/02/2017,3,2,2,204,39,-37.8551,144.8959,19993,650,19.2,0,1064,4200,432
500,ID679511435,11 Milfay Ct,BALWYN NORTH,1651000,h,27/11/2016,3,1,2,657,59,-37.7895,145.0985,19896,3388,29.66666667,-1,925,4701,308
501,ID192010640,29 Denmark St,KEW,1300000,h,27/05/2017,3,1,2,257,99,-37.81176,145.02807,19905,1209,15.66666667,-1,288,712,75
502,ID722796048,7 Bowen St,RICHMOND,2000000,h,19/11/2016,3,2,1,217,109,-37.8158,144.9931,19978,175,10,0,824,1890,159
503,ID613047274,8 Yendon Rd,CARNEGIE,1252000,h,25/02/2017,3,1,1,376,21,-37.8896,145.0492,19942,613,26.92307692,-1,3767,18925,2042
504,ID627041639,695 Heatherton Rd,CLAYTON SOUTH,1250500,h,9/9/2017,3,1,2,1226,69,-37.95988,145.13279,19913,2150,37.6,-1,84,371,13
505,ID234138580,90 Bent St,MOONEE PONDS,1400000,h,29/07/2017,4,2,1,375,89,-37.76261,144.93249,20038,1223,12.07692308,-1,313,545,65
506,ID717735971,215 Doncaster Rd,BALWYN NORTH,1670000,h,29/04/2017,3,0,0,818,25,-37.7939,145.0866,19896,3293,29.66666667,-1,959,4476,324
507,ID576451878,2 Hood St,YARRAVILLE,1158000,h,23/04/2016,4,1,3,411,109,-37.8117,144.8873,19996,517,13.18181818,-1,703,1502,135
508,ID954219714,33 Clay Dr,DONCASTER,2600000,h,3/6/2017,4,4,2,1072,59,-37.79094,145.12733,20042,3191,30.75,-1,3327,11071,1069
509,ID472639230,29 Type St,RICHMOND,1200000,h,16/09/2017,2,1,2,135,129,-37.82132,145.00973,19906,720,13.25,-1,885,1901,227
510,ID422665079,2A Barrani St,BENTLEIGH EAST,1325000,t,25/02/2017,4,4,2,363,7,-37.9116,145.0686,19918,2023,26,-1,959,4476,324
511,ID147802158,5 Saunders St,COBURG,1150000,h,28/05/2016,4,1,2,633,29,-37.7531,144.9504,19966,1017,17,-1,1071,5783,419
512,ID680274424,23 Gardeners Rd,BENTLEIGH EAST,1405000,h,24/09/2016,3,1,1,764,8,-37.9143,145.0629,19940,2206,31.08333333,0,925,4701,308
513,ID763439276,1 Ord Ct,WERRIBEE,412500,h,22/07/2017,3,1,1,583,39,-37.88702,144.66101,19921,1376,36.4,-1,98,190,19
514,ID791749620,15 Warburton Ct,MILL PARK,592000,h,8/7/2017,3,1,1,622,27,-37.66294,145.06301,45795,1575,49.63636364,-1,1508,6073,553
515,ID744844401,20 Ambon St,PRESTON,910000,h,22/04/2017,3,1,1,674,64,-37.7341,145.0275,20011,2267,31.6,-1,705,5479,335
516,ID316479471,79 Hope St,BRUNSWICK,1450000,h,7/11/2016,4,2,2,323,8,-37.7637,144.9565,19967,459,15,-1,703,1502,135
517,ID983780255,10 Zinnia St,RESERVOIR,502500,h,6/8/2016,3,1,2,491,69,-37.7152,144.9823,19962,1917,25,-1,824,1890,159
518,ID679287460,77 Merrett Dr,WILLIAMSTOWN,1031000,h,26/08/2017,3,2,2,333,24,-37.85927,144.87904,19993,907,19.2,-1,1064,4200,432
519,ID792899597,5 Hanlon Cl,MORDIALLOC,1150000,h,17/06/2017,4,2,2,603,15,-38.00549,145.10372,19863,1414,50,-1,1471,7759,779
520,ID516062933,63 Park Dr,KEILOR EAST,843000,h,8/4/2017,3,2,4,573,39,-37.7473,144.8555,20003,4199,23.11111111,-1,591,1189,177
521,ID393044309,107/250 Barkly St,FOOTSCRAY,430000,u,22/07/2017,2,1,1,1909,12,-37.79919,144.89607,20024,547,10,-1,298,735,154
522,ID809544271,61 Dundas St,PRESTON,910000,h,26/08/2017,3,1,2,276,54,-37.75277,145.00734,20014,812,26.6,-1,705,5479,335
523,ID821425737,24/294 Nicholson St,SEDDON,450000,u,6/8/2016,2,1,2,0,49,-37.8087,144.8978,19997,190,11.18181818,-1,824,1890,159
524,ID766127892,40 Kingston St,YARRAVILLE,872500,h,29/04/2017,3,1,2,189,99,-37.8145,144.8808,19996,817,13.18181818,-1,817,1779,181
525,ID291203378,141/95 Rouse St,PORT MELBOURNE,1250000,u,22/05/2016,2,2,2,0,16,-37.8435,144.9415,20043,2964,0,-1,659,5219,338
526,ID730717482,3/72 Charles St,ABBOTSFORD,1330000,h,18/03/2017,4,2,2,780,119,-37.8073,144.9952,19976,334,13,-1,1214,5603,375
527,ID866186988,34 Ayr St,DONCASTER,826000,h,28/08/2016,3,1,4,192,49,-37.7837,145.1027,19896,3985,29.66666667,-1,3081,9924,906
528,ID720446462,166 Gordon St,BALWYN,2100000,h,3/9/2016,2,1,1,659,99,-37.8094,145.0807,19893,1680,23.66666667,-1,925,4701,308
529,ID647482904,1 Christie St,DEER PARK,632000,h,23/09/2017,3,1,1,562,59,-37.77224,144.77381,19982,629,17.31034483,-1,326,1234,99
530,ID905780745,16 Creswick St,FOOTSCRAY,900000,h,22/07/2017,3,1,3,312,139,-37.79334,144.89128,20024,1020,10,-1,298,735,154
531,ID243719416,78 Hope St,SOUTH YARRA,2210000,h,3/6/2017,2,2,1,187,129,-37.83554,144.97956,19959,1169,13.86666667,-1,1245,3886,447
532,ID884172273,12/27 Marnoo St,BRAYBROOK,560000,t,22/07/2017,3,1,1,158,17,-37.78893,144.84652,22241,1201,12.09090909,-1,2897,11243,942
533,ID479751902,47B Vannam Dr,ASHWOOD,1060000,t,22/07/2017,3,2,2,343,19,-37.86324,145.10289,19840,1409,34.14285714,-1,1672,10063,646
534,ID747833601,4 Farnsworth St,SUNSHINE,865000,h,27/05/2017,3,1,2,550,49,-37.77972,144.83809,22241,1083,12.09090909,-1,2532,5455,713
535,ID515209954,5 Empress Ct,SUNSHINE WEST,472500,h,18/06/2016,3,1,1,586,52,-37.791,144.7925,20020,1227,16,-1,2403,5212,586
536,ID869594461,7/435 St Kilda St,ELWOOD,655000,u,18/06/2016,2,1,1,0,54,-37.8902,144.9907,19954,1082,27,-1,1566,8895,491
537,ID230588140,12 Newstead St,MARIBYRNONG,1900000,h,17/09/2016,4,3,8,865,6,-37.7682,144.8971,20038,1961,12.07692308,-1,610,1743,228
538,ID119237722,1 East St,ASCOT VALE,1000000,t,27/11/2016,3,2,2,200,16,-37.7766,144.9277,20039,537,10.07692308,-1,2489,11817,1268
539,ID840038665,45 Mirams St,ASCOT VALE,1410000,h,27/11/2016,3,2,2,459,99,-37.7767,144.9124,20039,843,10.07692308,-1,2489,11817,1268
540,ID242361903,4/130 Kensington Rd,KENSINGTON,750000,t,7/5/2016,2,1,1,325,17,-37.7976,144.9213,20026,425,6.25,-1,271,771,74
541,ID384673371,4 Dane Rd,HAMPTON EAST,1200000,h,28/08/2016,4,2,2,0,17,-37.9405,145.0346,19937,710,37.09090909,-1,1150,7827,922
542,ID177857844,10 Risley Cl,CAROLINE SPRINGS,518000,h,29/07/2017,3,2,2,308,24,-37.73868,144.7325,52011,3207,22.77777778,-1,1288,4242,480
543,ID705633944,14 Ebb St,ASPENDALE,970000,h,22/07/2017,3,2,2,612,59,-38.01596,145.09932,19862,1278,54.16666667,-1,164,943,50
544,ID843183613,13 Carron St,COBURG,635000,t,18/03/2017,2,1,1,97,5,-37.7516,144.9623,19966,324,17,-1,1097,5916,553
545,ID749877274,34 Hooker Rd,WERRIBEE,471500,h,22/07/2017,3,1,2,530,7,-37.89415,144.64143,19921,1825,36.4,-1,98,190,19
546,ID997614164,12/440 Stud Rd,WANTIRNA SOUTH,622000,u,15/07/2017,3,1,1,137,7,-37.87615,145.23192,19869,4931,54,-1,98,190,19
547,ID336043511,1/547 Neerim Rd,HUGHESDALE,1340000,t,13/05/2017,4,4,2,370,13,-37.8919,145.0781,19918,334,26,-1,591,1189,177
548,ID500745288,7 Alexis Cl,SOUTH MORANG,915000,h,3/6/2017,4,3,2,624,14,-37.63485,145.07272,45795,1670,49.63636364,-1,101,251,18
549,ID165221591,11a Elm Gr,BRIGHTON,1102000,h,12/11/2016,2,1,2,318,109,-37.9011,145.0011,19952,442,31,-1,2744,10289,780
550,ID372470612,1/464 Victoria St,BRUNSWICK WEST,735000,t,24/09/2016,2,1,2,120,15,-37.7659,144.9487,19968,979,14,-1,958,5673,628
551,ID123449344,12 Campbell Gr,DINGLEY VILLAGE,871000,h,19/08/2017,3,2,2,534,54,-37.98068,145.12494,19891,4277,39.5,-1,3327,11071,1069
552,ID736121039,22 Emu La,PARKVILLE,800000,t,8/7/2017,2,1,1,145,9,-37.7882,144.94205,19971,240,8,-1,142,344,39
553,ID255254670,37 Purches St,MITCHAM,1010000,h,26/08/2017,3,2,2,672,49,-37.8236,145.20898,19901,665,41.66666667,-1,1471,7759,779
554,ID324734626,32 Elton Rd,FERNTREE GULLY,663500,h,3/6/2017,3,1,2,736,59,-37.88909,145.26935,19868,2420,57,-1,56,98,19
555,ID583745584,12 Walerna Rd,GLEN IRIS,1750000,h,7/5/2016,3,2,2,652,68,-37.8556,145.068,19835,953,24,-1,1923,8979,620
556,ID852443912,26 Lowalde Dr,EPPING,595000,h,26/08/2017,3,1,2,536,39,-37.64972,145.04086,20005,992,45.38461538,-1,2006,7754,1051
557,ID525715784,2/9 Havelock St,MAIDSTONE,722000,t,3/9/2017,3,2,2,147,4,-37.78538,144.87959,20023,1897,11,-1,717,1763,318
558,ID707529998,61 Willis St,KENSINGTON,829000,h,28/05/2016,3,2,2,84,13,-37.7935,144.9187,20026,897,6.25,-1,271,771,74
559,ID766388753,2059 Malvern Rd,MALVERN EAST,1380000,h,8/4/2017,3,1,2,572,109,-37.8757,145.066,19838,328,28,-1,717,1763,318
560,ID263115846,15/20 Princes St,ST KILDA,680000,u,20/05/2017,2,1,0,0,129,-37.859,144.9816,19957,974,21,-1,1412,6364,699
561,ID642327506,9A The Crossway,KEILOR EAST,620000,h,19/08/2017,3,2,1,292,6,-37.74695,144.86625,20037,4510,14.08333333,-1,591,1189,177
562,ID827191537,8 Rocklands Rd,ASHWOOD,1120000,h,7/5/2016,3,1,2,723,19,-37.8642,145.1109,19840,1052,34.14285714,-1,1654,9119,550
563,ID983075618,120 Epsom Rd,ASCOT VALE,970000,h,7/5/2016,3,1,2,350,115,-37.7759,144.91,20039,1042,10.07692308,-1,2489,11817,1268
564,ID130207714,1 Centurion Ct,EPPING,600000,h,15/07/2017,3,1,2,524,49,-37.64273,145.03751,20005,1257,45.38461538,0,2006,7754,1051
565,ID474272832,10/76 Oxford St,COLLINGWOOD,683000,u,17/09/2016,2,1,1,0,119,-37.8035,144.985,19976,778,13,-1,1071,5783,419
566,ID281548158,35 Bordeaux St,DONCASTER,1430000,h,10/12/2016,4,2,2,655,49,-37.782,145.1194,20042,4147,30.75,-1,3081,9924,906
567,ID720694962,111 Cecil St,FITZROY,1000000,h,3/9/2016,2,1,0,128,109,-37.7941,144.9802,19975,1374,15,0,1923,8979,620
568,ID555913337,15 The Crofts,RICHMOND,1300000,h,24/06/2017,3,1,0,200,49,-37.8196,144.99101,19908,504,10.56521739,-1,885,1901,227
569,ID732223867,6 Tame St,DIGGERS REST,615000,h,12/8/2017,6,3,1,850,39,-37.62856,144.71825,15353,226,39.16666667,-1,294,840,110
570,ID401374399,2/60 Budd St,COLLINGWOOD,887500,t,22/05/2016,3,2,1,81,19,-37.7961,144.9874,19975,708,15,-1,1071,5783,419
571,ID474053499,16 Nevada St,BALWYN NORTH,1700000,h,27/06/2016,4,2,5,754,59,-37.786,145.0886,19934,3940,31,-1,925,4701,308
572,ID153691551,4/39 Hunter St,RICHMOND,1226000,u,6/5/2017,2,1,1,826,23,-37.821,145.0054,19906,754,13.25,0,885,1901,227
573,ID619795035,143 Ogilvie St,ESSENDON,1315000,h,7/11/2016,2,1,0,634,119,-37.7406,144.894,20036,2483,16.08333333,-1,1144,6845,375
574,ID311145050,4 Collegian Av,STRATHMORE,1848000,h,26/08/2017,3,1,3,824,84,-37.73797,144.92455,20035,671,18.08333333,-1,987,2150,212
575,ID650093831,2/172 Cape St,HEIDELBERG,655000,h,23/04/2016,3,2,2,175,49,-37.7514,145.0689,19935,960,32.25,-1,1144,6845,375
576,ID614847930,86 Neville St,CARNEGIE,896000,h,26/07/2016,2,1,2,543,49,-37.898,145.0528,19941,1295,30.08333333,-1,3703,18944,2039
577,ID887883169,3 Horton St,RESERVOIR,760000,h,13/05/2017,3,2,2,567,69,-37.7236,144.9876,20011,1439,31.6,-1,885,1901,227
578,ID937071119,14 Prentice St,ELSTERNWICK,1805000,h,10/12/2016,3,2,1,347,49,-37.8833,145.0118,19954,971,27,-1,1566,8895,491
579,ID789183052,7 Lisa Ct,HOPPERS CROSSING,472000,h,27/05/2017,4,2,2,546,29,-37.85146,144.67109,47648,2987,25,-1,512,1119,175
580,ID988385808,13/200 Westgarth St,NORTHCOTE,400000,u,27/11/2016,1,1,1,0,5,-37.7831,145.0124,19929,569,22,0,136,302,42
581,ID305697640,28/60 Harp Rd,KEW,395000,u,30/07/2016,1,1,1,0,14,-37.7999,145.0544,19903,2615,19.66666667,-1,271,771,74
582,ID411733677,7/15 Manchester Gr,GLEN HUNTLY,695000,u,4/6/2016,2,2,1,0,5,-37.8878,145.0407,19942,252,26.92307692,-1,431,971,220
583,ID699972132,26 Wills St,BALWYN,2000000,h,27/06/2016,4,1,2,739,89,-37.8039,145.0631,19892,2489,21.66666667,-1,925,4701,308
584,ID886718910,1 Marriage Rd,BRIGHTON EAST,1815000,h,22/05/2016,4,2,2,732,22,-37.9184,145.007,19951,1008,33,0,2744,10289,780
585,ID683878499,6/105 Cochrane St,BRIGHTON,845000,u,29/07/2017,2,1,1,100,59,-37.89569,144.99881,19953,484,29,-1,2897,11243,942
586,ID530310411,32 Heron Ct,RINGWOOD NORTH,1050000,h,9/9/2017,4,2,2,770,59,-37.78929,145.2458,19879,2554,0,-1,119,452,22
587,ID730399167,8/7 Warner St,MALVERN,611000,u,8/10/2016,2,1,1,0,11,-37.8515,145.0372,19911,464,20,-1,610,1743,228
588,ID321226307,11 Vincent St,COBURG,951000,h,27/11/2016,3,2,0,342,139,-37.743,144.956,19965,650,19,-1,1071,5783,419
589,ID989843899,15 Derna St,HEIDELBERG WEST,740000,h,7/11/2016,3,2,1,627,59,-37.747,145.0402,19935,2123,32.25,-1,1150,7827,922
590,ID197305813,371 Rae St,FITZROY NORTH,1270000,h,17/06/2017,2,1,0,183,129,-37.78353,144.97991,20019,1100,19.72727273,-1,2047,9171,742
591,ID478237233,3/56 Banksia St,HEIDELBERG,630000,t,20/05/2017,2,1,1,86,52,-37.7586,145.0629,19935,259,32.25,-1,1253,7401,484
592,ID360396199,91 Arthurton Rd,NORTHCOTE,1255000,h,10/9/2016,3,2,1,259,109,-37.7687,144.9922,20016,300,22.72727273,-1,136,302,42
593,ID166307694,74 Carpenter St,BRIGHTON,2750000,h,7/5/2016,5,3,1,509,14,-37.9118,144.9984,19951,415,33,-1,2744,10289,780
594,ID306581139,4/1 Ashley St,RESERVOIR,427500,u,7/11/2016,2,1,1,146,39,-37.719,145.0014,20010,546,33.38461538,0,824,1890,159
595,ID401586360,69 Lloyd St,STRATHMORE,1635000,h,11/2/2017,4,2,3,0,24,-37.7354,144.9128,20034,1451,20.08333333,-1,987,2150,212
596,ID229439043,9A Normanby St,HUGHESDALE,980000,h,20/05/2017,2,1,1,387,123,-37.9021,145.0837,19917,448,28,-1,591,1189,177
597,ID854384972,18 Zinnia St,RESERVOIR,595000,h,6/5/2017,3,1,1,490,49,-37.7152,144.9817,19962,1864,25,-1,885,1901,227
598,ID943186589,4 Linton St,IVANHOE,1680000,h,4/3/2017,3,2,2,665,94,-37.7714,145.0455,19933,279,28.44444444,-1,92,260,36
599,ID291203378,141/95 Rouse St,PORT MELBOURNE,1250000,u,22/05/2016,2,2,2,0,16,-37.8435,144.9415,20043,2964,0,-1,659,5219,338
600,ID366413688,7/44 Darling St,SOUTH YARRA,630000,u,17/09/2016,2,1,1,0,6,-37.8361,144.9921,19959,262,13.86666667,-1,1100,3636,457
601,ID224005391,56 Tennyson St,KENSINGTON,1050000,h,4/6/2016,3,1,1,274,119,-37.7984,144.929,20026,335,6.25,-1,271,771,74
602,ID921934033,5/35 Durham Rd,SURREY HILLS,600000,h,28/05/2016,2,1,1,163,91,-37.8294,145.0913,19894,614,25.66666667,-1,2403,5212,586
603,ID170477110,40 Metung St,BALWYN,2800000,h,4/6/2016,5,3,2,678,18,-37.8048,145.0708,19892,2359,21.66666667,0,925,4701,308
604,ID941719795,60 Hamilton St,YARRAVILLE,1785000,h,10/9/2016,4,2,2,640,51,-37.8104,144.8867,19996,670,13.18181818,-1,703,1502,135
605,ID706847895,14 Howard St,MAIDSTONE,773000,h,30/07/2016,4,1,2,333,49,-37.7893,144.8818,20023,1427,11,-1,610,1743,228
606,ID845595335,120/1 Graham St,PORT MELBOURNE,1725000,u,3/6/2017,3,2,2,0,19,-37.8429,144.94487,20043,2816,0,-1,705,5479,335
607,ID370311678,31 Hampstead Cr,GLEN WAVERLEY,1320000,h,9/9/2017,4,2,5,1021,83,-37.90317,145.16607,19873,2658,42.14285714,-1,56,98,19
608,ID169770195,1 Bent St,ELSTERNWICK,2160000,h,18/03/2017,3,1,1,590,89,-37.8807,145.0005,19954,453,27,-1,1666,9333,523
609,ID433449490,193 Edwardes St,RESERVOIR,915000,h,8/10/2016,3,3,2,618,59,-37.7154,144.9962,20010,965,33.38461538,-1,824,1890,159
610,ID940388396,2/22 Seymour Gr,CAMBERWELL,810000,u,27/11/2016,2,1,1,0,129,-37.8357,145.0595,19851,949,25.5,-1,3703,18944,2039
611,ID484089703,16 Morawa Dr,MULGRAVE,800000,h,27/05/2017,3,2,2,324,26,-37.92783,145.19685,19891,4372,39.5,-1,394,1153,165
612,ID562806355,35 Gungarlan Dr,KEILOR EAST,695000,h,19/11/2016,3,2,2,716,49,-37.734,144.8593,20003,5100,23.11111111,-1,555,1129,160
613,ID977734327,1 Sartori St,BURWOOD EAST,1600000,h,8/7/2017,4,2,2,592,12,-37.84839,145.14299,19897,3080,32.75,-1,684,1695,161
614,ID735252239,15/496 Dandenong Rd,CAULFIELD NORTH,450000,u,18/03/2017,2,1,1,1092,5,-37.8647,145.0232,19944,563,21.90909091,-1,1593,6648,530
615,ID894404668,10/81 Koornang Rd,CARNEGIE,662000,u,17/09/2016,2,2,1,0,49,-37.8873,145.0572,19920,169,21.90909091,-1,3703,18944,2039
616,ID921374350,11/205 Gipps St,ABBOTSFORD,470000,u,26/07/2016,1,1,1,0,6,-37.8055,144.9961,19976,233,13,-1,1202,5034,333
617,ID616237292,78 Olympus Dr,TEMPLESTOWE LOWER,1182500,h,27/11/2016,4,2,2,650,44,-37.7764,145.1216,20042,4767,30.75,-1,2403,5212,586
618,ID416210789,2 Fairbank Pl,MELTON WEST,355000,h,3/6/2017,5,2,2,666,43,-37.67523,144.55833,19980,3365,32.77777778,-1,50,68,12
619,ID237160235,2/199 Barkly St,BRUNSWICK,528000,u,8/4/2017,1,1,1,0,9,-37.7767,144.9676,19969,805,12,-1,817,1779,181
620,ID245866671,7 Prospect Gr,NORTHCOTE,2100000,h,12/11/2016,4,1,2,0,6,-37.7736,145.0004,20016,613,22.72727273,-1,136,302,42
621,ID263982573,29 Fuller St,MITCHAM,950000,h,1/7/2017,3,1,2,608,44,-37.82583,145.20608,19901,1019,41.66666667,-1,1471,7759,779
622,ID622026715,100 Faraday St,CARLTON,1010000,h,18/03/2017,2,1,0,101,139,-37.7989,144.9713,19843,1360,5.6,-1,101,253,33
623,ID200479044,13/55 Darling St,SOUTH YARRA,650000,u,4/6/2016,2,1,1,0,33,-37.8344,144.9916,19959,455,13.86666667,0,1100,3636,457
624,ID812662017,16 Coronation St,BRUNSWICK WEST,1270000,h,20/05/2017,3,1,1,526,119,-37.7735,144.9445,19970,1097,10,-1,941,5813,575
625,ID331298055,36 Clinton St,BRIGHTON EAST,1630000,h,13/05/2017,4,2,1,596,69,-37.9113,145.0207,19940,1550,31.08333333,-1,2897,11243,942
626,ID533384421,48 Tucker Rd,BENTLEIGH,1045000,h,1/7/2017,3,1,1,401,49,-37.92999,145.04932,19937,1207,37.09090909,-1,959,4476,324
627,ID754311448,2/43 Haines St,NORTH MELBOURNE,470000,u,7/11/2016,2,1,1,0,44,-37.7988,144.9478,19973,1002,3.723404255,-1,71,261,20
628,ID175129506,4/13 Glen Valley Rd,FOREST HILL,360000,h,12/8/2017,1,1,1,76,49,-37.83221,145.17117,19899,1333,36.66666667,-1,2006,7754,1051
629,ID929855711,334 Punt Rd,SOUTH YARRA,1800000,h,25/02/2017,3,2,3,510,119,-37.8418,144.986,19959,671,13.86666667,-1,1245,3886,447
630,ID719493331,9/12 Acland St,ST KILDA,452000,u,25/02/2017,1,1,1,0,6,-37.8631,144.9749,19957,1698,21,-1,1412,6364,699
631,ID702859187,2/40 Carrol Gr,MOUNT WAVERLEY,870000,u,24/06/2017,3,2,2,264,823,-37.89251,145.11121,19840,2106,34.14285714,-1,1471,7759,779
632,ID422316078,7 Wilks St,CAULFIELD NORTH,1520000,h,24/06/2017,3,2,2,426,13,-37.86323,145.01428,19945,875,19.90909091,-1,1593,6648,530
633,ID975670293,1/69 Purtell St,BENTLEIGH EAST,760000,t,3/9/2016,3,1,2,287,51,-37.9261,145.0566,19938,1858,35.08333333,-1,925,4701,308
634,ID919150317,11 Coleman Av,KEW EAST,2000000,h,9/9/2017,4,1,1,704,28,-37.79349,145.04611,19931,2129,26,-1,288,712,75
635,ID337226589,23 Longwood Dr,EPPING,680000,h,17/06/2017,4,2,2,656,39,-37.63878,145.05577,45795,1523,49.63636364,-1,2006,7754,1051
636,ID708598140,20 Bryant St,FLEMINGTON,1550000,h,13/05/2017,5,1,1,432,104,-37.7859,144.9323,20040,333,8.076923077,-1,2047,9171,742
637,ID738765702,37 Roxburgh St,ASCOT VALE,1306000,h,15/07/2017,3,1,0,199,119,-37.77561,144.91695,20039,430,10.07692308,-1,2494,11307,1410
638,ID525053720,7/55 Johnston St,PORT MELBOURNE,720000,u,7/5/2016,2,1,1,0,29,-37.8434,144.9435,20043,2901,0,-1,659,5219,338
639,ID285208276,28 Greendale Rd,DONCASTER EAST,1255000,h,24/06/2017,3,2,2,348,44,-37.79759,145.16422,19899,2728,36.66666667,-1,3327,11071,1069
640,ID818606289,2/99 Spray St,ELWOOD,570000,u,26/07/2016,2,1,1,0,79,-37.8831,144.9855,19955,1172,25,-1,1566,8895,491
641,ID274249833,2c Hamilton St,ALPHINGTON,865000,h,22/05/2016,3,1,1,180,9,-37.7802,145.0243,19931,644,26,-1,1202,5034,333
642,ID501253124,5/8 Swan St,KEILOR PARK,380000,t,10/9/2016,2,1,1,161,9,-37.7251,144.8621,20033,5292,23.08333333,-1,922,5201,296
643,ID359515160,26 Stymie St,KINGSBURY,1250000,h,17/06/2017,5,3,2,544,79,-37.71499,145.02967,20009,1942,35.55555556,-1,92,260,36
644,ID183587418,37 Eamon Dr,VIEWBANK,770000,h,4/6/2016,3,2,2,577,49,-37.7376,145.0895,19936,2139,35.14285714,-1,584,2731,211
645,ID372000180,213/253 Bridge Rd,RICHMOND,370000,u,8/4/2017,1,1,1,3512,8,-37.8183,144.9979,19978,681,10,-1,885,1901,227
646,ID772267626,360 Thompsons Rd,TEMPLESTOWE LOWER,790000,h,8/10/2016,4,2,5,671,49,-37.7631,145.1108,19935,4461,32.25,-1,2403,5212,586
647,ID396234503,2/143 Smith St,THORNBURY,315000,u,19/11/2016,1,1,1,0,49,-37.7566,144.9893,20014,834,26.6,-1,2403,5212,586
648,ID570427689,38 Agnew St,BRIGHTON EAST,1710000,h,17/09/2016,3,3,2,435,104,-37.91,145.0113,19952,952,31,-1,2744,10289,780
649,ID808862123,14 Oakbank St,NEWPORT,896000,h,24/09/2016,2,1,0,297,119,-37.8501,144.8931,19993,880,19.2,-1,71,261,20
650,ID559485907,44 Silver St,ELTHAM,925000,h,12/8/2017,3,1,2,1027,39,-37.71328,145.14098,19987,603,51,-1,318,497,140
651,ID263311994,8/15 Herbert St,ST KILDA,640000,u,3/12/2016,2,1,1,1055,49,-37.8715,144.9827,19956,976,23,0,1363,6287,564
652,ID808066854,5 Margaret St,BRIGHTON EAST,1780000,h,7/5/2016,2,3,2,635,84,-37.9205,145.0102,19951,1359,33,0,2744,10289,780
653,ID609815864,33 Wales St,THORNBURY,1245000,h,18/03/2017,3,1,1,409,49,-37.7633,145.0087,20015,1029,24.72727273,0,2532,5455,713
654,ID442055615,1/10 Callander Rd,PASCOE VALE,610000,t,22/08/2016,2,1,1,169,24,-37.7186,144.9306,20033,803,23.08333333,-1,659,5219,338
655,ID879459683,2A Ritchie Ct,SUNSHINE,490000,h,4/3/2017,2,1,1,322,59,-37.7876,144.8342,22241,156,12.09090909,-1,2532,5455,713
656,ID881154197,4 Frampton St,ST KILDA,1000000,h,23/09/2017,2,1,1,106,119,-37.86191,144.98655,19957,811,21,-1,1412,6364,699
657,ID892067943,14 King St,FITZROY NORTH,1300000,h,27/11/2016,3,1,0,309,129,-37.776,144.9832,20017,884,21.72727273,-1,1923,8979,620
658,ID817603131,5/97 Oshanassy St,NORTH MELBOURNE,591500,u,17/09/2016,2,1,1,0,89,-37.8004,144.9465,19973,791,3.723404255,0,71,261,20
659,ID232923446,22 Woolcock Av,KEW EAST,1975000,h,16/09/2017,3,1,2,676,94,-37.79546,145.04533,19931,2268,26,-1,288,712,75
660,ID705509492,1/41 Elizabeth St,BENTLEIGH EAST,1025000,u,4/3/2017,3,2,2,384,20,-37.9229,145.0557,19939,1752,33.08333333,-1,959,4476,324
661,ID117507404,33 Dunbarton Dr,WANTIRNA,908000,h,29/07/2017,4,2,1,815,39,-37.84839,145.24191,19871,2246,48,-1,98,190,19
662,ID977946524,44/100 Commercial Rd,SOUTH YARRA,940000,u,12/8/2017,3,2,3,0,89,-37.8453,144.98487,19958,643,20,-1,1245,3886,447
663,ID460178091,3/302 Grange Rd,ORMOND,405000,u,28/08/2016,2,1,1,0,49,-37.9031,145.0444,19941,421,30.08333333,-1,268,736,128
664,ID886176442,3/367 Williamstown Rd,YARRAVILLE,440000,u,8/7/2017,2,1,1,100,119,-37.82356,144.88191,19995,864,15.18181818,-1,817,1779,181
665,ID645371210,1/47 Bluff Rd,BLACK ROCK,1215000,t,29/07/2017,3,2,2,314,59,-37.97287,145.01648,19948,2718,42,-1,2524,12864,738
666,ID608964587,10a Farm Rd,OAKLEIGH SOUTH,580000,h,12/6/2016,2,1,2,428,32,-37.9249,145.0943,19916,1700,29.88888889,-1,136,302,42
667,ID147994397,42 Gisborne St,BULLEEN,1140000,h,24/09/2016,4,2,3,554,21,-37.7624,145.0961,19935,3173,32.25,-1,958,5673,628
668,ID843500136,16 Flowerdale Rd,GLEN IRIS,2000000,h,14/05/2016,5,3,1,696,99,-37.8563,145.0709,19849,996,29.5,-1,1923,8979,620
669,ID526240748,2 Violet Gr,KEW EAST,1750000,h,17/09/2016,3,2,4,611,89,-37.7997,145.058,19903,2744,19.66666667,-1,271,771,74
670,ID264606657,35 Bellara St,DONCASTER,1430000,h,19/11/2016,3,1,2,811,49,-37.7927,145.1386,19897,3131,32.75,-1,3081,9924,906
671,ID447042681,431 Wattletree Rd,MALVERN EAST,2500000,h,12/8/2017,3,3,3,1011,94,-37.8652,145.05248,19835,828,24,-1,717,1763,318
672,ID827786014,21/54 Balston St,BALACLAVA,328500,u,8/7/2017,1,1,1,0,5,-37.86874,144.998,19956,403,23,-1,1672,10063,646
673,ID334634258,10/270 Williams Rd,TOORAK,350000,u,22/07/2017,1,1,1,0,49,-37.84157,145.00469,19947,404,16.83333333,-1,647,2861,222
674,ID247493283,2/27 Pakington St,KEW,610000,u,4/3/2017,2,1,1,745,51,-37.8024,145.0346,19904,2129,16.57142857,-1,288,712,75
675,ID650883853,23 Howitt St,NORTHCOTE,1400000,h,24/09/2016,3,1,1,335,109,-37.7816,145.0141,19930,366,24,-1,136,302,42
676,ID273567534,15 Rathmines Rd,HAWTHORN EAST,2151000,h,3/12/2016,3,1,2,780,19,-37.8198,145.0465,19903,295,19.66666667,-1,1144,6845,375
677,ID765352692,6a Glen Rd,ASHBURTON,1662000,h,14/05/2016,3,2,2,351,13,-37.8742,145.07,19838,309,28,-1,1654,9119,550
678,ID568965210,78 Davison St,RICHMOND,3200000,h,4/3/2017,5,3,3,618,129,-37.8157,145.0073,19906,1320,13.25,-1,885,1901,227
679,ID879040883,9/12 Charnwood Rd,ST KILDA,560000,u,10/9/2016,2,1,2,1676,44,-37.8585,144.9852,19957,660,21,-1,1363,6287,564
680,ID706497478,42 Hunter St,RICHMOND,860000,h,15/10/2016,2,2,0,74,19,-37.8207,145.0053,19906,789,13.25,-1,824,1890,159
681,ID916457358,16b Regent St,BRIGHTON EAST,1511000,t,24/09/2016,3,2,2,496,7,-37.9237,145.0075,19951,1370,33,-1,2744,10289,780
682,ID958098728,7A Brunel St,SOUTH KINGSVILLE,815000,t,13/05/2017,3,2,2,148,69,-37.8287,144.8705,19995,1374,15.18181818,-1,987,2150,212
683,ID327923288,6 The Woodland,WHEELERS HILL,1678000,h,3/9/2017,4,2,2,943,49,-37.90306,145.18171,19873,3139,42.14285714,-1,990,3070,411
684,ID730525788,1 Sinclair Grn,DERRIMUT,695000,h,23/09/2017,4,2,2,516,19,-37.78763,144.75963,19982,1565,17.31034483,-1,294,840,110
685,ID714977014,1C Baird St,BRIGHTON EAST,1750800,h,27/05/2017,3,4,2,424,7,-37.92988,145.01085,19949,1221,38,-1,2897,11243,942
686,ID810794811,54 Pine St,RESERVOIR,793000,h,26/07/2016,3,1,2,589,69,-37.7195,144.9982,20010,827,33.38461538,0,824,1890,159
687,ID969148622,99 Merton St,ALBERT PARK,1900000,h,27/05/2017,3,1,1,186,129,-37.84431,144.95532,20043,2902,0,-1,1214,5603,375
688,ID795705838,153 Thompsons Rd,BULLEEN,890000,h,12/11/2016,2,1,2,559,59,-37.7739,145.094,19935,3479,32.25,-1,958,5673,628
689,ID187489442,27 Augusta St,GLEN HUNTLY,2575000,h,22/08/2016,5,3,2,688,109,-37.8921,145.0381,19942,449,26.92307692,-1,431,971,220
690,ID156663851,1 Sneddon Ct,MULGRAVE,1100000,h,16/09/2017,4,2,2,748,23,-37.9265,145.19758,19891,4524,39.5,0,394,1153,165
691,ID924549143,7 Motherwell St,SOUTH YARRA,2667000,h,27/11/2016,4,3,2,446,119,-37.8454,144.9989,19947,299,16.83333333,-1,1100,3636,457
692,ID497647811,84 Beachview Pde,POINT COOK,690000,h,15/07/2017,4,2,2,540,7,-37.90715,144.76527,46468,4436,28,-1,1609,6840,525
693,ID556822589,11 Henry St,FITZROY,677000,h,27/11/2016,2,1,0,67,169,-37.7969,144.9759,19843,1597,5.6,-1,1923,8979,620
694,ID854384972,18 Zinnia St,RESERVOIR,595000,h,6/5/2017,3,1,1,490,49,-37.7152,144.9817,19962,1864,25,-1,885,1901,227
695,ID666122478,6 Munro St,ASCOT VALE,1435000,h,8/4/2017,3,1,1,450,99,-37.7756,144.9148,20039,619,10.07692308,0,2494,11307,1410
696,ID578429831,6 Baringa Rd,CROYDON NORTH,835000,h,27/05/2017,4,1,2,1717,69,-37.77595,145.28383,19878,2188,0,-1,84,371,13
697,ID546580274,3/10 Greenham St,MAIDSTONE,520000,t,1/7/2017,2,1,1,126,10,-37.78775,144.87446,20022,1632,14,-1,717,1763,318
698,ID779038428,2C Ray Rd,BURWOOD EAST,780000,t,27/05/2017,3,2,2,306,20,-37.85473,145.1521,19874,2402,39.14285714,-1,684,1695,161
699,ID128770269,41 Cameron St,RESERVOIR,998000,h,7/11/2016,3,2,3,479,69,-37.7271,144.9968,20011,545,31.6,-1,824,1890,159
700,ID614847930,86 Neville St,CARNEGIE,896000,h,26/07/2016,2,1,2,543,49,-37.898,145.0528,19941,1295,30.08333333,-1,3703,18944,2039
701,ID772281189,39 Cuthbert St,NIDDRIE,1350000,h,7/11/2016,4,3,2,747,34,-37.7387,144.8827,20036,3497,16.08333333,-1,71,261,20
702,ID975670293,1/69 Purtell St,BENTLEIGH EAST,760000,t,3/9/2016,3,1,2,287,51,-37.9261,145.0566,19938,1858,35.08333333,-1,925,4701,308
703,ID530919419,8/99 Verdon St,WILLIAMSTOWN,310000,u,7/5/2016,1,1,1,0,51,-37.8588,144.8919,19993,298,19.2,-1,1002,4068,328
704,ID365884807,25 Cobden St,SOUTH MELBOURNE,1200000,h,13/08/2016,3,2,0,113,109,-37.8346,144.9688,19854,1821,4.402777778,-1,1100,3636,457
705,ID526240748,2 Violet Gr,KEW EAST,1750000,h,17/09/2016,3,2,4,611,89,-37.7997,145.058,19903,2744,19.66666667,-1,271,771,74
706,ID997614164,12/440 Stud Rd,WANTIRNA SOUTH,622000,u,15/07/2017,3,1,1,137,7,-37.87615,145.23192,19869,4931,54,-1,98,190,19
707,ID819572827,3/8 Forest St,COLLINGWOOD,560000,u,12/8/2017,2,1,1,0,44,-37.79627,144.99229,19975,373,15,-1,1097,5916,553
708,ID959126401,47 Cooper St,PRESTON,1350000,h,29/07/2017,7,3,4,530,99,-37.73526,144.99508,20012,612,29.42857143,-1,705,5479,335
709,ID956371362,85 Martins La,VIEWBANK,920250,h,4/3/2017,4,2,2,558,49,-37.7328,145.0916,19983,2117,37.14285714,-1,647,2861,222
710,ID579452288,125/33 Jeffcott St,WEST MELBOURNE,670000,u,8/7/2017,2,1,1,17,23,-37.8118,144.95259,19841,270,2,-1,647,2861,222
711,ID141722896,1 Gordon Ct,GLENROY,737000,h,8/10/2016,3,1,4,640,69,-37.6986,144.9243,20031,838,27.08333333,-1,1683,8938,509
712,ID645371210,1/47 Bluff Rd,BLACK ROCK,1215000,t,29/07/2017,3,2,2,314,59,-37.97287,145.01648,19948,2718,42,-1,2524,12864,738
713,ID121565906,42 Glenair St,TEMPLESTOWE LOWER,982000,h,18/06/2016,3,2,2,652,59,-37.7629,145.1157,19935,4885,32.25,-1,2403,5212,586
714,ID588674101,5/6 Tivoli Pl,SOUTH YARRA,863000,u,4/3/2017,2,2,1,742,69,-37.8357,144.9867,19959,583,13.86666667,-1,1245,3886,447
715,ID719493331,9/12 Acland St,ST KILDA,452000,u,25/02/2017,1,1,1,0,6,-37.8631,144.9749,19957,1698,21,-1,1412,6364,699
716,ID890226834,1/13 Maidstone St,RINGWOOD,633000,h,8/7/2017,2,1,2,123,14,-37.82223,145.22504,19902,786,45,-1,119,452,22
717,ID195198670,23 Duffy St,MARIBYRNONG,1180000,h,25/02/2017,4,3,2,688,59,-37.7713,144.8937,20038,2325,12.07692308,-1,717,1763,318
718,ID870756479,71 Hamilton Rd,NEW GISBORNE,1355000,h,23/09/2017,5,3,5,44500,74,-37.45392,144.58864,20315,1045,56,-1,301,389,114
719,ID629166343,2/22 Looker Rd,MONTMORENCY,820000,t,15/07/2017,3,2,2,260,9,-37.72394,145.12456,19986,999,47,-1,1471,7759,779
